variant_label,similarity_pct,algorithm,trial,elapsed_ms
S0,0,naive,0,0
S0,0,naive,1,0
S0,0,naive,2,0
S0,0,naive,3,0
S0,0,naive,4,0
S0,0,naive,5,0
S0,0,naive,6,0
S0,0,naive,7,0
S0,0,naive,8,0
S0,0,naive,9,0
S0,0,naive,10,0
S0,0,naive,11,0
S0,0,naive,12,0
S0,0,naive,13,0
S0,0,naive,14,0
S0,0,naive,15,0
S0,0,naive,16,0
S0,0,naive,17,0
S0,0,naive,18,0
S0,0,naive,19,0
S0,0,naive,20,0
S0,0,naive,21,0
S0,0,naive,22,0
S0,0,naive,23,0
S0,0,naive,24,0
S0,0,naive,25,0
S0,0,naive,26,0
S0,0,naive,27,0
S0,0,naive,28,0
S0,0,naive,29,0
S0,0,naive,30,0
S0,0,naive,31,0
S0,0,naive,32,0
S0,0,naive,33,0
S0,0,naive,34,0
S0,0,naive,35,0
S0,0,naive,36,0
S0,0,naive,37,0
S0,0,naive,38,0
S0,0,naive,39,0
S0,0,naive,40,0
S0,0,naive,41,0
S0,0,naive,42,0
S0,0,naive,43,0
S0,0,naive,44,0
S0,0,naive,45,0
S0,0,naive,46,0
S0,0,naive,47,0
S0,0,naive,48,0
S0,0,naive,49,0
S0,0,naive,50,0
S0,0,naive,51,0
S0,0,naive,52,0
S0,0,naive,53,0
S0,0,naive,54,0
S0,0,naive,55,0
S0,0,naive,56,0
S0,0,naive,57,0
S0,0,naive,58,0
S0,0,naive,59,0
S0,0,naive,60,0
S0,0,naive,61,0
S0,0,naive,62,0
S0,0,naive,63,0
S0,0,naive,64,0
S0,0,naive,65,0
S0,0,naive,66,0
S0,0,naive,67,0
S0,0,naive,68,0
S0,0,naive,69,0
S0,0,naive,70,0
S0,0,naive,71,0
S0,0,naive,72,0
S0,0,naive,73,0
S0,0,naive,74,0
S0,0,naive,75,0
S0,0,naive,76,0
S0,0,naive,77,0
S0,0,naive,78,0
S0,0,naive,79,0
S0,0,naive,80,0
S0,0,naive,81,0
S0,0,naive,82,0
S0,0,naive,83,0
S0,0,naive,84,0
S0,0,naive,85,0
S0,0,naive,86,0
S0,0,naive,87,0
S0,0,naive,88,0
S0,0,naive,89,0
S0,0,naive,90,0
S0,0,naive,91,0
S0,0,naive,92,0
S0,0,naive,93,0
S0,0,naive,94,0
S0,0,naive,95,0
S0,0,naive,96,0
S0,0,naive,97,0
S0,0,naive,98,0
S0,0,naive,99,0
S0,0,naive,100,0
S0,0,naive,101,0
S0,0,naive,102,0
S0,0,naive,103,0
S0,0,naive,104,0
S0,0,naive,105,0
S0,0,naive,106,0
S0,0,naive,107,0
S0,0,naive,108,0
S0,0,naive,109,0
S0,0,naive,110,0
S0,0,naive,111,0
S0,0,naive,112,0
S0,0,naive,113,0
S0,0,naive,114,0
S0,0,naive,115,0
S0,0,naive,116,0
S0,0,naive,117,0
S0,0,naive,118,0
S0,0,naive,119,0
S0,0,naive,120,0
S0,0,naive,121,0
S0,0,naive,122,0
S0,0,naive,123,0
S0,0,naive,124,0
S0,0,naive,125,0
S0,0,naive,126,0
S0,0,naive,127,0
S0,0,naive,128,0
S0,0,naive,129,0
S0,0,naive,130,0
S0,0,naive,131,0
S0,0,naive,132,0
S0,0,naive,133,0
S0,0,naive,134,0
S0,0,naive,135,0
S0,0,naive,136,0
S0,0,naive,137,0
S0,0,naive,138,0
S0,0,naive,139,0
S0,0,naive,140,0
S0,0,naive,141,0
S0,0,naive,142,0
S0,0,naive,143,0
S0,0,naive,144,0
S0,0,naive,145,0
S0,0,naive,146,0
S0,0,naive,147,0
S0,0,naive,148,0
S0,0,naive,149,0
S0,0,naive,150,0
S0,0,naive,151,0
S0,0,naive,152,0
S0,0,naive,153,0
S0,0,naive,154,0
S0,0,naive,155,0
S0,0,naive,156,0
S0,0,naive,157,0
S0,0,naive,158,0
S0,0,naive,159,0
S0,0,naive,160,0
S0,0,naive,161,0
S0,0,naive,162,0
S0,0,naive,163,0
S0,0,naive,164,0
S0,0,naive,165,0
S0,0,naive,166,0
S0,0,naive,167,0
S0,0,naive,168,0
S0,0,naive,169,0
S0,0,naive,170,0
S0,0,naive,171,0
S0,0,naive,172,0
S0,0,naive,173,0
S0,0,naive,174,0
S0,0,naive,175,0
S0,0,naive,176,0
S0,0,naive,177,0
S0,0,naive,178,0
S0,0,naive,179,0
S0,0,naive,180,0
S0,0,naive,181,0
S0,0,naive,182,0
S0,0,naive,183,0
S0,0,naive,184,0
S0,0,naive,185,0
S0,0,naive,186,0
S0,0,naive,187,0
S0,0,naive,188,0
S0,0,naive,189,0
S0,0,naive,190,0
S0,0,naive,191,0
S0,0,naive,192,0
S0,0,naive,193,0
S0,0,naive,194,0
S0,0,naive,195,0
S0,0,naive,196,0
S0,0,naive,197,0
S0,0,naive,198,0
S0,0,naive,199,0
S0,0,naive,200,0
S0,0,naive,201,0
S0,0,naive,202,0
S0,0,naive,203,0
S0,0,naive,204,0
S0,0,naive,205,0
S0,0,naive,206,0
S0,0,naive,207,0
S0,0,naive,208,0
S0,0,naive,209,0
S0,0,naive,210,0
S0,0,naive,211,0
S0,0,naive,212,0
S0,0,naive,213,0
S0,0,naive,214,0
S0,0,naive,215,0
S0,0,naive,216,0
S0,0,naive,217,0
S0,0,naive,218,0
S0,0,naive,219,0
S0,0,naive,220,0
S0,0,naive,221,0
S0,0,naive,222,0
S0,0,naive,223,0
S0,0,naive,224,0
S0,0,naive,225,0
S0,0,naive,226,0
S0,0,naive,227,0
S0,0,naive,228,0
S0,0,naive,229,0
S0,0,naive,230,0
S0,0,naive,231,0
S0,0,naive,232,0
S0,0,naive,233,0
S0,0,naive,234,0
S0,0,naive,235,0
S0,0,naive,236,0
S0,0,naive,237,0
S0,0,naive,238,0
S0,0,naive,239,0
S0,0,naive,240,0
S0,0,naive,241,0
S0,0,naive,242,0
S0,0,naive,243,0
S0,0,naive,244,0
S0,0,naive,245,0
S0,0,naive,246,0
S0,0,naive,247,0
S0,0,naive,248,0
S0,0,naive,249,0
S0,0,naive,250,0
S0,0,naive,251,0
S0,0,naive,252,0
S0,0,naive,253,0
S0,0,naive,254,0
S0,0,naive,255,0
S0,0,naive,256,0
S0,0,naive,257,0
S0,0,naive,258,0
S0,0,naive,259,0
S0,0,naive,260,0
S0,0,naive,261,0
S0,0,naive,262,0
S0,0,naive,263,0
S0,0,naive,264,0
S0,0,naive,265,0
S0,0,naive,266,0
S0,0,naive,267,0
S0,0,naive,268,0
S0,0,naive,269,0
S0,0,naive,270,0
S0,0,naive,271,0
S0,0,naive,272,0
S0,0,naive,273,0
S0,0,naive,274,0
S0,0,naive,275,0
S0,0,naive,276,0
S0,0,naive,277,0
S0,0,naive,278,0
S0,0,naive,279,0
S0,0,naive,280,0
S0,0,naive,281,0
S0,0,naive,282,0
S0,0,naive,283,0
S0,0,naive,284,0
S0,0,naive,285,0
S0,0,naive,286,0
S0,0,naive,287,0
S0,0,naive,288,0
S0,0,naive,289,0
S0,0,naive,290,0
S0,0,naive,291,0
S0,0,naive,292,0
S0,0,naive,293,0
S0,0,naive,294,0
S0,0,naive,295,0
S0,0,naive,296,0
S0,0,naive,297,0
S0,0,naive,298,0
S0,0,naive,299,0
S0,0,naive,300,0
S0,0,naive,301,0
S0,0,naive,302,0
S0,0,naive,303,0
S0,0,naive,304,0
S0,0,naive,305,0
S0,0,naive,306,0
S0,0,naive,307,0
S0,0,naive,308,0
S0,0,naive,309,0
S0,0,naive,310,0
S0,0,naive,311,0
S0,0,naive,312,0
S0,0,naive,313,0
S0,0,naive,314,0
S0,0,naive,315,0
S0,0,naive,316,0
S0,0,naive,317,0
S0,0,naive,318,0
S0,0,naive,319,0
S0,0,naive,320,0
S0,0,naive,321,0
S0,0,naive,322,0
S0,0,naive,323,0
S0,0,naive,324,0
S0,0,naive,325,0
S0,0,naive,326,0
S0,0,naive,327,0
S0,0,naive,328,0
S0,0,naive,329,0
S0,0,naive,330,0
S0,0,naive,331,0
S0,0,naive,332,0
S0,0,naive,333,0
S0,0,naive,334,0
S0,0,naive,335,0
S0,0,naive,336,0
S0,0,naive,337,0
S0,0,naive,338,0
S0,0,naive,339,0
S0,0,naive,340,0
S0,0,naive,341,0
S0,0,naive,342,0
S0,0,naive,343,0
S0,0,naive,344,0
S0,0,naive,345,0
S0,0,naive,346,0
S0,0,naive,347,0
S0,0,naive,348,0
S0,0,naive,349,0
S0,0,naive,350,0
S0,0,naive,351,0
S0,0,naive,352,0
S0,0,naive,353,0
S0,0,naive,354,0
S0,0,naive,355,0
S0,0,naive,356,0
S0,0,naive,357,0
S0,0,naive,358,0
S0,0,naive,359,0
S0,0,naive,360,0
S0,0,naive,361,0
S0,0,naive,362,0
S0,0,naive,363,0
S0,0,naive,364,0
S0,0,naive,365,0
S0,0,naive,366,0
S0,0,naive,367,0
S0,0,naive,368,0
S0,0,naive,369,0
S0,0,naive,370,0
S0,0,naive,371,0
S0,0,naive,372,0
S0,0,naive,373,0
S0,0,naive,374,0
S0,0,naive,375,0
S0,0,naive,376,0
S0,0,naive,377,0
S0,0,naive,378,0
S0,0,naive,379,0
S0,0,naive,380,0
S0,0,naive,381,0
S0,0,naive,382,0
S0,0,naive,383,0
S0,0,naive,384,0
S0,0,naive,385,0
S0,0,naive,386,0
S0,0,naive,387,0
S0,0,naive,388,0
S0,0,naive,389,0
S0,0,naive,390,0
S0,0,naive,391,0
S0,0,naive,392,0
S0,0,naive,393,0
S0,0,naive,394,0
S0,0,naive,395,0
S0,0,naive,396,0
S0,0,naive,397,0
S0,0,naive,398,0
S0,0,naive,399,0
S0,0,naive,400,0
S0,0,naive,401,0
S0,0,naive,402,0
S0,0,naive,403,0
S0,0,naive,404,0
S0,0,naive,405,0
S0,0,naive,406,0
S0,0,naive,407,0
S0,0,naive,408,0
S0,0,naive,409,0
S0,0,naive,410,0
S0,0,naive,411,0
S0,0,naive,412,0
S0,0,naive,413,0
S0,0,naive,414,0
S0,0,naive,415,0
S0,0,naive,416,0
S0,0,naive,417,0
S0,0,naive,418,0
S0,0,naive,419,0
S0,0,naive,420,0
S0,0,naive,421,0
S0,0,naive,422,0
S0,0,naive,423,0
S0,0,naive,424,0
S0,0,naive,425,0
S0,0,naive,426,0
S0,0,naive,427,0
S0,0,naive,428,0
S0,0,naive,429,0
S0,0,naive,430,0
S0,0,naive,431,0
S0,0,naive,432,0
S0,0,naive,433,0
S0,0,naive,434,0
S0,0,naive,435,0
S0,0,naive,436,0
S0,0,naive,437,0
S0,0,naive,438,0
S0,0,naive,439,0
S0,0,naive,440,0
S0,0,naive,441,0
S0,0,naive,442,0
S0,0,naive,443,0
S0,0,naive,444,0
S0,0,naive,445,0
S0,0,naive,446,0
S0,0,naive,447,0
S0,0,naive,448,0
S0,0,naive,449,0
S0,0,naive,450,0
S0,0,naive,451,0
S0,0,naive,452,0
S0,0,naive,453,0
S0,0,naive,454,0
S0,0,naive,455,0
S0,0,naive,456,0
S0,0,naive,457,0
S0,0,naive,458,0
S0,0,naive,459,0
S0,0,naive,460,0
S0,0,naive,461,0
S0,0,naive,462,0
S0,0,naive,463,0
S0,0,naive,464,0
S0,0,naive,465,0
S0,0,naive,466,0
S0,0,naive,467,0
S0,0,naive,468,0
S0,0,naive,469,0
S0,0,naive,470,0
S0,0,naive,471,0
S0,0,naive,472,0
S0,0,naive,473,0
S0,0,naive,474,0
S0,0,naive,475,0
S0,0,naive,476,0
S0,0,naive,477,0
S0,0,naive,478,0
S0,0,naive,479,0
S0,0,naive,480,0
S0,0,naive,481,0
S0,0,naive,482,0
S0,0,naive,483,0
S0,0,naive,484,0
S0,0,naive,485,0
S0,0,naive,486,0
S0,0,naive,487,0
S0,0,naive,488,0
S0,0,naive,489,0
S0,0,naive,490,0
S0,0,naive,491,0
S0,0,naive,492,0
S0,0,naive,493,0
S0,0,naive,494,0
S0,0,naive,495,0
S0,0,naive,496,0
S0,0,naive,497,0
S0,0,naive,498,0
S0,0,naive,499,0
S0,0,naive,500,0
S0,0,naive,501,0
S0,0,naive,502,0
S0,0,naive,503,0
S0,0,naive,504,0
S0,0,naive,505,0
S0,0,naive,506,0
S0,0,naive,507,0
S0,0,naive,508,0
S0,0,naive,509,0
S0,0,naive,510,0
S0,0,naive,511,0
S0,0,naive,512,0
S0,0,naive,513,0
S0,0,naive,514,0
S0,0,naive,515,0
S0,0,naive,516,0
S0,0,naive,517,0
S0,0,naive,518,0
S0,0,naive,519,0
S0,0,naive,520,0
S0,0,naive,521,0
S0,0,naive,522,0
S0,0,naive,523,0
S0,0,naive,524,0
S0,0,naive,525,0
S0,0,naive,526,0
S0,0,naive,527,0
S0,0,naive,528,0
S0,0,naive,529,0
S0,0,naive,530,0
S0,0,naive,531,0
S0,0,naive,532,0
S0,0,naive,533,0
S0,0,naive,534,0
S0,0,naive,535,0
S0,0,naive,536,0
S0,0,naive,537,0
S0,0,naive,538,0
S0,0,naive,539,0
S0,0,naive,540,0
S0,0,naive,541,0
S0,0,naive,542,0
S0,0,naive,543,0
S0,0,naive,544,0
S0,0,naive,545,0
S0,0,naive,546,0
S0,0,naive,547,0
S0,0,naive,548,0
S0,0,naive,549,0
S0,0,naive,550,0
S0,0,naive,551,0
S0,0,naive,552,0
S0,0,naive,553,0
S0,0,naive,554,0
S0,0,naive,555,0
S0,0,naive,556,0
S0,0,naive,557,0
S0,0,naive,558,0
S0,0,naive,559,0
S0,0,naive,560,0
S0,0,naive,561,0
S0,0,naive,562,0
S0,0,naive,563,0
S0,0,naive,564,0
S0,0,naive,565,0
S0,0,naive,566,0
S0,0,naive,567,0
S0,0,naive,568,0
S0,0,naive,569,0
S0,0,naive,570,0
S0,0,naive,571,0
S0,0,naive,572,0
S0,0,naive,573,0
S0,0,naive,574,0
S0,0,naive,575,0
S0,0,naive,576,0
S0,0,naive,577,0
S0,0,naive,578,0
S0,0,naive,579,0
S0,0,naive,580,0
S0,0,naive,581,0
S0,0,naive,582,0
S0,0,naive,583,0
S0,0,naive,584,0
S0,0,naive,585,0
S0,0,naive,586,0
S0,0,naive,587,0
S0,0,naive,588,0
S0,0,naive,589,0
S0,0,naive,590,0
S0,0,naive,591,0
S0,0,naive,592,0
S0,0,naive,593,0
S0,0,naive,594,0
S0,0,naive,595,0
S0,0,naive,596,0
S0,0,naive,597,0
S0,0,naive,598,0
S0,0,naive,599,0
S0,0,constant,0,0
S0,0,constant,1,0
S0,0,constant,2,0
S0,0,constant,3,0
S0,0,constant,4,0
S0,0,constant,5,0
S0,0,constant,6,0
S0,0,constant,7,0
S0,0,constant,8,0
S0,0,constant,9,0
S0,0,constant,10,1
S0,0,constant,11,0
S0,0,constant,12,0
S0,0,constant,13,0
S0,0,constant,14,0
S0,0,constant,15,0
S0,0,constant,16,0
S0,0,constant,17,0
S0,0,constant,18,0
S0,0,constant,19,0
S0,0,constant,20,0
S0,0,constant,21,0
S0,0,constant,22,0
S0,0,constant,23,0
S0,0,constant,24,0
S0,0,constant,25,0
S0,0,constant,26,0
S0,0,constant,27,0
S0,0,constant,28,0
S0,0,constant,29,0
S0,0,constant,30,0
S0,0,constant,31,0
S0,0,constant,32,0
S0,0,constant,33,0
S0,0,constant,34,1.0000000000291038
S0,0,constant,35,0
S0,0,constant,36,0
S0,0,constant,37,0
S0,0,constant,38,0
S0,0,constant,39,0
S0,0,constant,40,0
S0,0,constant,41,0
S0,0,constant,42,0
S0,0,constant,43,0
S0,0,constant,44,0
S0,0,constant,45,0
S0,0,constant,46,0
S0,0,constant,47,0
S0,0,constant,48,0
S0,0,constant,49,0
S0,0,constant,50,0
S0,0,constant,51,0
S0,0,constant,52,0
S0,0,constant,53,0
S0,0,constant,54,0
S0,0,constant,55,0
S0,0,constant,56,0
S0,0,constant,57,0
S0,0,constant,58,0
S0,0,constant,59,0
S0,0,constant,60,0
S0,0,constant,61,0.9999999999708962
S0,0,constant,62,0
S0,0,constant,63,0
S0,0,constant,64,0
S0,0,constant,65,0
S0,0,constant,66,0
S0,0,constant,67,0
S0,0,constant,68,0
S0,0,constant,69,0
S0,0,constant,70,0
S0,0,constant,71,0
S0,0,constant,72,0
S0,0,constant,73,0
S0,0,constant,74,0
S0,0,constant,75,0
S0,0,constant,76,0
S0,0,constant,77,0
S0,0,constant,78,0
S0,0,constant,79,0
S0,0,constant,80,0
S0,0,constant,81,0
S0,0,constant,82,0
S0,0,constant,83,0
S0,0,constant,84,0
S0,0,constant,85,1
S0,0,constant,86,0
S0,0,constant,87,0
S0,0,constant,88,0
S0,0,constant,89,0
S0,0,constant,90,0
S0,0,constant,91,0
S0,0,constant,92,0
S0,0,constant,93,0
S0,0,constant,94,0
S0,0,constant,95,0
S0,0,constant,96,0
S0,0,constant,97,0
S0,0,constant,98,0
S0,0,constant,99,0
S0,0,constant,100,0
S0,0,constant,101,0
S0,0,constant,102,0
S0,0,constant,103,0
S0,0,constant,104,0
S0,0,constant,105,0
S0,0,constant,106,0
S0,0,constant,107,0
S0,0,constant,108,0
S0,0,constant,109,0
S0,0,constant,110,0
S0,0,constant,111,1
S0,0,constant,112,0
S0,0,constant,113,0
S0,0,constant,114,0
S0,0,constant,115,0
S0,0,constant,116,0
S0,0,constant,117,0
S0,0,constant,118,0
S0,0,constant,119,0
S0,0,constant,120,0
S0,0,constant,121,0
S0,0,constant,122,0
S0,0,constant,123,0
S0,0,constant,124,0
S0,0,constant,125,0
S0,0,constant,126,0
S0,0,constant,127,0
S0,0,constant,128,0
S0,0,constant,129,0
S0,0,constant,130,0
S0,0,constant,131,0
S0,0,constant,132,0
S0,0,constant,133,0
S0,0,constant,134,0
S0,0,constant,135,0
S0,0,constant,136,0
S0,0,constant,137,1
S0,0,constant,138,0
S0,0,constant,139,0
S0,0,constant,140,0
S0,0,constant,141,0
S0,0,constant,142,0
S0,0,constant,143,0
S0,0,constant,144,0
S0,0,constant,145,0
S0,0,constant,146,0
S0,0,constant,147,0
S0,0,constant,148,0
S0,0,constant,149,0
S0,0,constant,150,0
S0,0,constant,151,0
S0,0,constant,152,0
S0,0,constant,153,0
S0,0,constant,154,0
S0,0,constant,155,0
S0,0,constant,156,0
S0,0,constant,157,0
S0,0,constant,158,0
S0,0,constant,159,0
S0,0,constant,160,0
S0,0,constant,161,0
S0,0,constant,162,0
S0,0,constant,163,0
S0,0,constant,164,1
S0,0,constant,165,0
S0,0,constant,166,0
S0,0,constant,167,0
S0,0,constant,168,0
S0,0,constant,169,0
S0,0,constant,170,0
S0,0,constant,171,0
S0,0,constant,172,0
S0,0,constant,173,0
S0,0,constant,174,0
S0,0,constant,175,0
S0,0,constant,176,0
S0,0,constant,177,0
S0,0,constant,178,0
S0,0,constant,179,0
S0,0,constant,180,0
S0,0,constant,181,0
S0,0,constant,182,0
S0,0,constant,183,0
S0,0,constant,184,0
S0,0,constant,185,0
S0,0,constant,186,0
S0,0,constant,187,0
S0,0,constant,188,0
S0,0,constant,189,0
S0,0,constant,190,0
S0,0,constant,191,1.0000000000291038
S0,0,constant,192,0
S0,0,constant,193,0
S0,0,constant,194,0
S0,0,constant,195,0
S0,0,constant,196,0
S0,0,constant,197,0
S0,0,constant,198,0
S0,0,constant,199,0
S0,0,constant,200,0
S0,0,constant,201,0
S0,0,constant,202,0
S0,0,constant,203,0
S0,0,constant,204,0
S0,0,constant,205,0
S0,0,constant,206,0
S0,0,constant,207,0
S0,0,constant,208,0
S0,0,constant,209,0
S0,0,constant,210,0
S0,0,constant,211,0
S0,0,constant,212,0
S0,0,constant,213,0
S0,0,constant,214,0
S0,0,constant,215,0
S0,0,constant,216,0
S0,0,constant,217,0.9999999999708962
S0,0,constant,218,0
S0,0,constant,219,0
S0,0,constant,220,0
S0,0,constant,221,0
S0,0,constant,222,0
S0,0,constant,223,0
S0,0,constant,224,0
S0,0,constant,225,0
S0,0,constant,226,0
S0,0,constant,227,0
S0,0,constant,228,0
S0,0,constant,229,0
S0,0,constant,230,0
S0,0,constant,231,0
S0,0,constant,232,0
S0,0,constant,233,0
S0,0,constant,234,0
S0,0,constant,235,0
S0,0,constant,236,0
S0,0,constant,237,0
S0,0,constant,238,0
S0,0,constant,239,0
S0,0,constant,240,1
S0,0,constant,241,0
S0,0,constant,242,0
S0,0,constant,243,0
S0,0,constant,244,0
S0,0,constant,245,0
S0,0,constant,246,0
S0,0,constant,247,0
S0,0,constant,248,0
S0,0,constant,249,0
S0,0,constant,250,0
S0,0,constant,251,0
S0,0,constant,252,0
S0,0,constant,253,0
S0,0,constant,254,0
S0,0,constant,255,0
S0,0,constant,256,0
S0,0,constant,257,0
S0,0,constant,258,0
S0,0,constant,259,0
S0,0,constant,260,0
S0,0,constant,261,0
S0,0,constant,262,0
S0,0,constant,263,0
S0,0,constant,264,1
S0,0,constant,265,0
S0,0,constant,266,0
S0,0,constant,267,0
S0,0,constant,268,0
S0,0,constant,269,0
S0,0,constant,270,0
S0,0,constant,271,0
S0,0,constant,272,0
S0,0,constant,273,0
S0,0,constant,274,0
S0,0,constant,275,0
S0,0,constant,276,0
S0,0,constant,277,0
S0,0,constant,278,0
S0,0,constant,279,0
S0,0,constant,280,0
S0,0,constant,281,0
S0,0,constant,282,0
S0,0,constant,283,0
S0,0,constant,284,0
S0,0,constant,285,0
S0,0,constant,286,0
S0,0,constant,287,1
S0,0,constant,288,0
S0,0,constant,289,0
S0,0,constant,290,0
S0,0,constant,291,0
S0,0,constant,292,0
S0,0,constant,293,0
S0,0,constant,294,0
S0,0,constant,295,0
S0,0,constant,296,0
S0,0,constant,297,0
S0,0,constant,298,0
S0,0,constant,299,0
S0,0,constant,300,0
S0,0,constant,301,0
S0,0,constant,302,0
S0,0,constant,303,0
S0,0,constant,304,0
S0,0,constant,305,0
S0,0,constant,306,0
S0,0,constant,307,0
S0,0,constant,308,0
S0,0,constant,309,0
S0,0,constant,310,0
S0,0,constant,311,0
S0,0,constant,312,0
S0,0,constant,313,0
S0,0,constant,314,1
S0,0,constant,315,0
S0,0,constant,316,0
S0,0,constant,317,0
S0,0,constant,318,0
S0,0,constant,319,0
S0,0,constant,320,0
S0,0,constant,321,0
S0,0,constant,322,0
S0,0,constant,323,0
S0,0,constant,324,0
S0,0,constant,325,0
S0,0,constant,326,0
S0,0,constant,327,0
S0,0,constant,328,0
S0,0,constant,329,0
S0,0,constant,330,0
S0,0,constant,331,0
S0,0,constant,332,0
S0,0,constant,333,0
S0,0,constant,334,0
S0,0,constant,335,0
S0,0,constant,336,0
S0,0,constant,337,0
S0,0,constant,338,0
S0,0,constant,339,0
S0,0,constant,340,1.0000000000291038
S0,0,constant,341,0
S0,0,constant,342,0
S0,0,constant,343,0
S0,0,constant,344,0
S0,0,constant,345,0
S0,0,constant,346,0
S0,0,constant,347,0
S0,0,constant,348,0
S0,0,constant,349,0
S0,0,constant,350,0
S0,0,constant,351,0
S0,0,constant,352,0
S0,0,constant,353,0
S0,0,constant,354,0
S0,0,constant,355,0
S0,0,constant,356,0
S0,0,constant,357,0
S0,0,constant,358,0
S0,0,constant,359,0
S0,0,constant,360,0
S0,0,constant,361,0
S0,0,constant,362,0
S0,0,constant,363,0
S0,0,constant,364,0
S0,0,constant,365,0
S0,0,constant,366,0
S0,0,constant,367,0
S0,0,constant,368,0.9999999999708962
S0,0,constant,369,0
S0,0,constant,370,0
S0,0,constant,371,0
S0,0,constant,372,0
S0,0,constant,373,0
S0,0,constant,374,0
S0,0,constant,375,0
S0,0,constant,376,0
S0,0,constant,377,0
S0,0,constant,378,0
S0,0,constant,379,0
S0,0,constant,380,0
S0,0,constant,381,0
S0,0,constant,382,0
S0,0,constant,383,0
S0,0,constant,384,0
S0,0,constant,385,0
S0,0,constant,386,0
S0,0,constant,387,0
S0,0,constant,388,0
S0,0,constant,389,0
S0,0,constant,390,0
S0,0,constant,391,0
S0,0,constant,392,0
S0,0,constant,393,1
S0,0,constant,394,0
S0,0,constant,395,0
S0,0,constant,396,0
S0,0,constant,397,0
S0,0,constant,398,0
S0,0,constant,399,0
S0,0,constant,400,0
S0,0,constant,401,0
S0,0,constant,402,0
S0,0,constant,403,0
S0,0,constant,404,0
S0,0,constant,405,0
S0,0,constant,406,0
S0,0,constant,407,0
S0,0,constant,408,0
S0,0,constant,409,0
S0,0,constant,410,0
S0,0,constant,411,0
S0,0,constant,412,0
S0,0,constant,413,0
S0,0,constant,414,0
S0,0,constant,415,0
S0,0,constant,416,0
S0,0,constant,417,0
S0,0,constant,418,0
S0,0,constant,419,0
S0,0,constant,420,1
S0,0,constant,421,0
S0,0,constant,422,0
S0,0,constant,423,0
S0,0,constant,424,0
S0,0,constant,425,0
S0,0,constant,426,0
S0,0,constant,427,0
S0,0,constant,428,0
S0,0,constant,429,0
S0,0,constant,430,0
S0,0,constant,431,0
S0,0,constant,432,0
S0,0,constant,433,0
S0,0,constant,434,0
S0,0,constant,435,0
S0,0,constant,436,0
S0,0,constant,437,0
S0,0,constant,438,0
S0,0,constant,439,0
S0,0,constant,440,0
S0,0,constant,441,0
S0,0,constant,442,0
S0,0,constant,443,0
S0,0,constant,444,0
S0,0,constant,445,0
S0,0,constant,446,0
S0,0,constant,447,1
S0,0,constant,448,0
S0,0,constant,449,0
S0,0,constant,450,0
S0,0,constant,451,0
S0,0,constant,452,0
S0,0,constant,453,0
S0,0,constant,454,0
S0,0,constant,455,0
S0,0,constant,456,0
S0,0,constant,457,0
S0,0,constant,458,0
S0,0,constant,459,0
S0,0,constant,460,0
S0,0,constant,461,0
S0,0,constant,462,0
S0,0,constant,463,0
S0,0,constant,464,0
S0,0,constant,465,0
S0,0,constant,466,0
S0,0,constant,467,0
S0,0,constant,468,0
S0,0,constant,469,0
S0,0,constant,470,0
S0,0,constant,471,0
S0,0,constant,472,0
S0,0,constant,473,0
S0,0,constant,474,1
S0,0,constant,475,0
S0,0,constant,476,0
S0,0,constant,477,0
S0,0,constant,478,0
S0,0,constant,479,0
S0,0,constant,480,0
S0,0,constant,481,0
S0,0,constant,482,0
S0,0,constant,483,0
S0,0,constant,484,0
S0,0,constant,485,0
S0,0,constant,486,0
S0,0,constant,487,0
S0,0,constant,488,0
S0,0,constant,489,0
S0,0,constant,490,0
S0,0,constant,491,0
S0,0,constant,492,0
S0,0,constant,493,0
S0,0,constant,494,0
S0,0,constant,495,0
S0,0,constant,496,0
S0,0,constant,497,0
S0,0,constant,498,0
S0,0,constant,499,0
S0,0,constant,500,0
S0,0,constant,501,0
S0,0,constant,502,0
S0,0,constant,503,0
S0,0,constant,504,0
S0,0,constant,505,0
S0,0,constant,506,0
S0,0,constant,507,0
S0,0,constant,508,0
S0,0,constant,509,0
S0,0,constant,510,0
S0,0,constant,511,0
S0,0,constant,512,0
S0,0,constant,513,0
S0,0,constant,514,0
S0,0,constant,515,0
S0,0,constant,516,0
S0,0,constant,517,0
S0,0,constant,518,0
S0,0,constant,519,0
S0,0,constant,520,0
S0,0,constant,521,0
S0,0,constant,522,0
S0,0,constant,523,0
S0,0,constant,524,0
S0,0,constant,525,0
S0,0,constant,526,0.9999999999708962
S0,0,constant,527,0
S0,0,constant,528,0
S0,0,constant,529,0
S0,0,constant,530,0
S0,0,constant,531,0
S0,0,constant,532,0
S0,0,constant,533,0
S0,0,constant,534,0
S0,0,constant,535,0
S0,0,constant,536,0
S0,0,constant,537,0
S0,0,constant,538,0
S0,0,constant,539,0
S0,0,constant,540,0
S0,0,constant,541,0
S0,0,constant,542,0
S0,0,constant,543,0
S0,0,constant,544,0
S0,0,constant,545,0
S0,0,constant,546,0
S0,0,constant,547,0
S0,0,constant,548,0
S0,0,constant,549,0
S0,0,constant,550,0
S0,0,constant,551,0
S0,0,constant,552,1
S0,0,constant,553,0
S0,0,constant,554,0
S0,0,constant,555,0
S0,0,constant,556,0
S0,0,constant,557,0
S0,0,constant,558,0
S0,0,constant,559,0
S0,0,constant,560,0
S0,0,constant,561,0
S0,0,constant,562,0
S0,0,constant,563,0
S0,0,constant,564,0
S0,0,constant,565,0
S0,0,constant,566,0
S0,0,constant,567,0
S0,0,constant,568,0
S0,0,constant,569,0
S0,0,constant,570,0
S0,0,constant,571,0
S0,0,constant,572,0
S0,0,constant,573,0
S0,0,constant,574,0
S0,0,constant,575,0
S0,0,constant,576,0
S0,0,constant,577,0
S0,0,constant,578,0
S0,0,constant,579,1
S0,0,constant,580,0
S0,0,constant,581,0
S0,0,constant,582,0
S0,0,constant,583,0
S0,0,constant,584,0
S0,0,constant,585,0
S0,0,constant,586,0
S0,0,constant,587,0
S0,0,constant,588,0
S0,0,constant,589,0
S0,0,constant,590,0
S0,0,constant,591,0
S0,0,constant,592,0
S0,0,constant,593,0
S0,0,constant,594,0
S0,0,constant,595,0
S0,0,constant,596,0
S0,0,constant,597,0
S0,0,constant,598,0
S0,0,constant,599,0
S25,25,naive,0,0
S25,25,naive,1,0
S25,25,naive,2,0
S25,25,naive,3,0
S25,25,naive,4,0
S25,25,naive,5,0
S25,25,naive,6,0
S25,25,naive,7,0
S25,25,naive,8,0
S25,25,naive,9,0
S25,25,naive,10,0
S25,25,naive,11,0
S25,25,naive,12,0
S25,25,naive,13,0
S25,25,naive,14,0
S25,25,naive,15,0
S25,25,naive,16,0
S25,25,naive,17,0
S25,25,naive,18,0
S25,25,naive,19,0
S25,25,naive,20,0
S25,25,naive,21,0
S25,25,naive,22,0
S25,25,naive,23,0
S25,25,naive,24,0
S25,25,naive,25,0
S25,25,naive,26,0
S25,25,naive,27,0
S25,25,naive,28,0
S25,25,naive,29,0
S25,25,naive,30,0
S25,25,naive,31,0
S25,25,naive,32,0
S25,25,naive,33,0
S25,25,naive,34,0
S25,25,naive,35,0
S25,25,naive,36,0
S25,25,naive,37,0
S25,25,naive,38,0
S25,25,naive,39,0
S25,25,naive,40,0
S25,25,naive,41,0
S25,25,naive,42,0
S25,25,naive,43,0
S25,25,naive,44,0
S25,25,naive,45,0
S25,25,naive,46,0
S25,25,naive,47,0
S25,25,naive,48,0
S25,25,naive,49,0
S25,25,naive,50,0
S25,25,naive,51,0
S25,25,naive,52,0
S25,25,naive,53,0
S25,25,naive,54,0
S25,25,naive,55,0
S25,25,naive,56,0
S25,25,naive,57,0
S25,25,naive,58,0
S25,25,naive,59,0
S25,25,naive,60,0
S25,25,naive,61,0
S25,25,naive,62,0
S25,25,naive,63,0.9999999999708962
S25,25,naive,64,0
S25,25,naive,65,0
S25,25,naive,66,0
S25,25,naive,67,0
S25,25,naive,68,0
S25,25,naive,69,0
S25,25,naive,70,0
S25,25,naive,71,0
S25,25,naive,72,0
S25,25,naive,73,0
S25,25,naive,74,0
S25,25,naive,75,0
S25,25,naive,76,0
S25,25,naive,77,0
S25,25,naive,78,0
S25,25,naive,79,0
S25,25,naive,80,0
S25,25,naive,81,0
S25,25,naive,82,0
S25,25,naive,83,0
S25,25,naive,84,0
S25,25,naive,85,0
S25,25,naive,86,0
S25,25,naive,87,0
S25,25,naive,88,0
S25,25,naive,89,0
S25,25,naive,90,0
S25,25,naive,91,0
S25,25,naive,92,0
S25,25,naive,93,0
S25,25,naive,94,0
S25,25,naive,95,0
S25,25,naive,96,0
S25,25,naive,97,0
S25,25,naive,98,0
S25,25,naive,99,0
S25,25,naive,100,0
S25,25,naive,101,0
S25,25,naive,102,0
S25,25,naive,103,0
S25,25,naive,104,0
S25,25,naive,105,0
S25,25,naive,106,0
S25,25,naive,107,0
S25,25,naive,108,0
S25,25,naive,109,0
S25,25,naive,110,0
S25,25,naive,111,0
S25,25,naive,112,0
S25,25,naive,113,0
S25,25,naive,114,0
S25,25,naive,115,0
S25,25,naive,116,0
S25,25,naive,117,0
S25,25,naive,118,0
S25,25,naive,119,0
S25,25,naive,120,0
S25,25,naive,121,0
S25,25,naive,122,0
S25,25,naive,123,0
S25,25,naive,124,0
S25,25,naive,125,0
S25,25,naive,126,0
S25,25,naive,127,0
S25,25,naive,128,0
S25,25,naive,129,0
S25,25,naive,130,0
S25,25,naive,131,0
S25,25,naive,132,0
S25,25,naive,133,0
S25,25,naive,134,1
S25,25,naive,135,0
S25,25,naive,136,0
S25,25,naive,137,0
S25,25,naive,138,0
S25,25,naive,139,0
S25,25,naive,140,0
S25,25,naive,141,0
S25,25,naive,142,0
S25,25,naive,143,0
S25,25,naive,144,0
S25,25,naive,145,0
S25,25,naive,146,0
S25,25,naive,147,0
S25,25,naive,148,0
S25,25,naive,149,0
S25,25,naive,150,0
S25,25,naive,151,0
S25,25,naive,152,0
S25,25,naive,153,0
S25,25,naive,154,0
S25,25,naive,155,0
S25,25,naive,156,0
S25,25,naive,157,0
S25,25,naive,158,0
S25,25,naive,159,0
S25,25,naive,160,0
S25,25,naive,161,0
S25,25,naive,162,0
S25,25,naive,163,0
S25,25,naive,164,0
S25,25,naive,165,0
S25,25,naive,166,0
S25,25,naive,167,0
S25,25,naive,168,0
S25,25,naive,169,0
S25,25,naive,170,0
S25,25,naive,171,0
S25,25,naive,172,0
S25,25,naive,173,0
S25,25,naive,174,0
S25,25,naive,175,0
S25,25,naive,176,0
S25,25,naive,177,0
S25,25,naive,178,0
S25,25,naive,179,0
S25,25,naive,180,0
S25,25,naive,181,0
S25,25,naive,182,0
S25,25,naive,183,0
S25,25,naive,184,0
S25,25,naive,185,0
S25,25,naive,186,0
S25,25,naive,187,0
S25,25,naive,188,0
S25,25,naive,189,0
S25,25,naive,190,0
S25,25,naive,191,0
S25,25,naive,192,0
S25,25,naive,193,0
S25,25,naive,194,0
S25,25,naive,195,0
S25,25,naive,196,0
S25,25,naive,197,0
S25,25,naive,198,0
S25,25,naive,199,0
S25,25,naive,200,0
S25,25,naive,201,0
S25,25,naive,202,0
S25,25,naive,203,0
S25,25,naive,204,0
S25,25,naive,205,0
S25,25,naive,206,1
S25,25,naive,207,0
S25,25,naive,208,0
S25,25,naive,209,0
S25,25,naive,210,0
S25,25,naive,211,0
S25,25,naive,212,0
S25,25,naive,213,0
S25,25,naive,214,0
S25,25,naive,215,0
S25,25,naive,216,0
S25,25,naive,217,0
S25,25,naive,218,0
S25,25,naive,219,0
S25,25,naive,220,0
S25,25,naive,221,0
S25,25,naive,222,0
S25,25,naive,223,0
S25,25,naive,224,0
S25,25,naive,225,0
S25,25,naive,226,0
S25,25,naive,227,0
S25,25,naive,228,0
S25,25,naive,229,0
S25,25,naive,230,0
S25,25,naive,231,0
S25,25,naive,232,0
S25,25,naive,233,0
S25,25,naive,234,0
S25,25,naive,235,0
S25,25,naive,236,0
S25,25,naive,237,0
S25,25,naive,238,0
S25,25,naive,239,0
S25,25,naive,240,0
S25,25,naive,241,0
S25,25,naive,242,0
S25,25,naive,243,0
S25,25,naive,244,0
S25,25,naive,245,0
S25,25,naive,246,0
S25,25,naive,247,0
S25,25,naive,248,0
S25,25,naive,249,0
S25,25,naive,250,0
S25,25,naive,251,0
S25,25,naive,252,0
S25,25,naive,253,0
S25,25,naive,254,0
S25,25,naive,255,0
S25,25,naive,256,0
S25,25,naive,257,0
S25,25,naive,258,0
S25,25,naive,259,0
S25,25,naive,260,0
S25,25,naive,261,0
S25,25,naive,262,0
S25,25,naive,263,0
S25,25,naive,264,0
S25,25,naive,265,0
S25,25,naive,266,0
S25,25,naive,267,0
S25,25,naive,268,0
S25,25,naive,269,0
S25,25,naive,270,0
S25,25,naive,271,0
S25,25,naive,272,0
S25,25,naive,273,0
S25,25,naive,274,0
S25,25,naive,275,0
S25,25,naive,276,0
S25,25,naive,277,1
S25,25,naive,278,0
S25,25,naive,279,0
S25,25,naive,280,0
S25,25,naive,281,0
S25,25,naive,282,0
S25,25,naive,283,0
S25,25,naive,284,0
S25,25,naive,285,0
S25,25,naive,286,0
S25,25,naive,287,0
S25,25,naive,288,0
S25,25,naive,289,0
S25,25,naive,290,0
S25,25,naive,291,0
S25,25,naive,292,0
S25,25,naive,293,0
S25,25,naive,294,0
S25,25,naive,295,0
S25,25,naive,296,0
S25,25,naive,297,0
S25,25,naive,298,0
S25,25,naive,299,0
S25,25,naive,300,0
S25,25,naive,301,0
S25,25,naive,302,0
S25,25,naive,303,0
S25,25,naive,304,0
S25,25,naive,305,0
S25,25,naive,306,0
S25,25,naive,307,0
S25,25,naive,308,0
S25,25,naive,309,0
S25,25,naive,310,0
S25,25,naive,311,0
S25,25,naive,312,0
S25,25,naive,313,0
S25,25,naive,314,0
S25,25,naive,315,0
S25,25,naive,316,0
S25,25,naive,317,0
S25,25,naive,318,0
S25,25,naive,319,0
S25,25,naive,320,0
S25,25,naive,321,0
S25,25,naive,322,0
S25,25,naive,323,0
S25,25,naive,324,0
S25,25,naive,325,0
S25,25,naive,326,0
S25,25,naive,327,0
S25,25,naive,328,0
S25,25,naive,329,0
S25,25,naive,330,0
S25,25,naive,331,0
S25,25,naive,332,0
S25,25,naive,333,0
S25,25,naive,334,0
S25,25,naive,335,0
S25,25,naive,336,0
S25,25,naive,337,0
S25,25,naive,338,0
S25,25,naive,339,1
S25,25,naive,340,0
S25,25,naive,341,0
S25,25,naive,342,0
S25,25,naive,343,0
S25,25,naive,344,0
S25,25,naive,345,0
S25,25,naive,346,0
S25,25,naive,347,0
S25,25,naive,348,0
S25,25,naive,349,0
S25,25,naive,350,0
S25,25,naive,351,0
S25,25,naive,352,0
S25,25,naive,353,0
S25,25,naive,354,0
S25,25,naive,355,0
S25,25,naive,356,0
S25,25,naive,357,0
S25,25,naive,358,0
S25,25,naive,359,0
S25,25,naive,360,0
S25,25,naive,361,0
S25,25,naive,362,0
S25,25,naive,363,0
S25,25,naive,364,0
S25,25,naive,365,0
S25,25,naive,366,0
S25,25,naive,367,0
S25,25,naive,368,0
S25,25,naive,369,0
S25,25,naive,370,0
S25,25,naive,371,0
S25,25,naive,372,0
S25,25,naive,373,0
S25,25,naive,374,0
S25,25,naive,375,0
S25,25,naive,376,0
S25,25,naive,377,0
S25,25,naive,378,0
S25,25,naive,379,0
S25,25,naive,380,0
S25,25,naive,381,0
S25,25,naive,382,0
S25,25,naive,383,0
S25,25,naive,384,0
S25,25,naive,385,0
S25,25,naive,386,0
S25,25,naive,387,0
S25,25,naive,388,0
S25,25,naive,389,0
S25,25,naive,390,0
S25,25,naive,391,0
S25,25,naive,392,0
S25,25,naive,393,0
S25,25,naive,394,0
S25,25,naive,395,0
S25,25,naive,396,0
S25,25,naive,397,0
S25,25,naive,398,0
S25,25,naive,399,0
S25,25,naive,400,0
S25,25,naive,401,0
S25,25,naive,402,0
S25,25,naive,403,0
S25,25,naive,404,0
S25,25,naive,405,0
S25,25,naive,406,0
S25,25,naive,407,0
S25,25,naive,408,0
S25,25,naive,409,0
S25,25,naive,410,0
S25,25,naive,411,0
S25,25,naive,412,1.0000000000291038
S25,25,naive,413,0
S25,25,naive,414,0
S25,25,naive,415,0
S25,25,naive,416,0
S25,25,naive,417,0
S25,25,naive,418,0
S25,25,naive,419,0
S25,25,naive,420,0
S25,25,naive,421,0
S25,25,naive,422,0
S25,25,naive,423,0
S25,25,naive,424,0
S25,25,naive,425,0
S25,25,naive,426,0
S25,25,naive,427,0
S25,25,naive,428,0
S25,25,naive,429,0
S25,25,naive,430,0
S25,25,naive,431,0
S25,25,naive,432,0
S25,25,naive,433,0
S25,25,naive,434,0
S25,25,naive,435,0
S25,25,naive,436,0
S25,25,naive,437,0
S25,25,naive,438,0
S25,25,naive,439,0
S25,25,naive,440,0
S25,25,naive,441,0
S25,25,naive,442,0
S25,25,naive,443,0
S25,25,naive,444,0
S25,25,naive,445,0
S25,25,naive,446,0
S25,25,naive,447,0
S25,25,naive,448,0
S25,25,naive,449,0
S25,25,naive,450,0
S25,25,naive,451,0
S25,25,naive,452,0
S25,25,naive,453,0
S25,25,naive,454,0
S25,25,naive,455,0
S25,25,naive,456,0
S25,25,naive,457,0
S25,25,naive,458,0
S25,25,naive,459,0
S25,25,naive,460,0
S25,25,naive,461,0
S25,25,naive,462,0
S25,25,naive,463,0
S25,25,naive,464,0
S25,25,naive,465,0
S25,25,naive,466,0
S25,25,naive,467,0
S25,25,naive,468,0
S25,25,naive,469,0
S25,25,naive,470,0
S25,25,naive,471,0
S25,25,naive,472,0
S25,25,naive,473,0
S25,25,naive,474,0
S25,25,naive,475,0
S25,25,naive,476,0
S25,25,naive,477,0
S25,25,naive,478,0
S25,25,naive,479,0
S25,25,naive,480,0
S25,25,naive,481,0
S25,25,naive,482,0
S25,25,naive,483,0
S25,25,naive,484,0
S25,25,naive,485,0
S25,25,naive,486,0
S25,25,naive,487,0
S25,25,naive,488,0
S25,25,naive,489,0
S25,25,naive,490,0
S25,25,naive,491,0
S25,25,naive,492,0
S25,25,naive,493,0
S25,25,naive,494,0
S25,25,naive,495,0
S25,25,naive,496,0
S25,25,naive,497,0
S25,25,naive,498,0
S25,25,naive,499,0
S25,25,naive,500,0
S25,25,naive,501,0
S25,25,naive,502,0
S25,25,naive,503,0
S25,25,naive,504,0
S25,25,naive,505,0
S25,25,naive,506,0
S25,25,naive,507,0
S25,25,naive,508,0
S25,25,naive,509,0
S25,25,naive,510,0
S25,25,naive,511,0
S25,25,naive,512,0
S25,25,naive,513,0
S25,25,naive,514,0
S25,25,naive,515,0
S25,25,naive,516,0
S25,25,naive,517,0
S25,25,naive,518,0
S25,25,naive,519,0
S25,25,naive,520,0
S25,25,naive,521,0
S25,25,naive,522,0
S25,25,naive,523,0
S25,25,naive,524,0
S25,25,naive,525,0
S25,25,naive,526,0
S25,25,naive,527,0
S25,25,naive,528,0
S25,25,naive,529,0
S25,25,naive,530,0
S25,25,naive,531,0
S25,25,naive,532,0
S25,25,naive,533,0
S25,25,naive,534,0
S25,25,naive,535,0
S25,25,naive,536,0
S25,25,naive,537,0
S25,25,naive,538,0
S25,25,naive,539,0
S25,25,naive,540,0
S25,25,naive,541,0
S25,25,naive,542,0
S25,25,naive,543,0
S25,25,naive,544,0
S25,25,naive,545,0
S25,25,naive,546,0
S25,25,naive,547,0
S25,25,naive,548,0
S25,25,naive,549,0
S25,25,naive,550,0
S25,25,naive,551,0
S25,25,naive,552,0
S25,25,naive,553,0
S25,25,naive,554,0
S25,25,naive,555,1
S25,25,naive,556,0
S25,25,naive,557,0
S25,25,naive,558,0
S25,25,naive,559,0
S25,25,naive,560,0
S25,25,naive,561,0
S25,25,naive,562,0
S25,25,naive,563,0
S25,25,naive,564,0
S25,25,naive,565,0
S25,25,naive,566,0
S25,25,naive,567,0
S25,25,naive,568,0
S25,25,naive,569,0
S25,25,naive,570,0
S25,25,naive,571,0
S25,25,naive,572,0
S25,25,naive,573,0
S25,25,naive,574,0
S25,25,naive,575,0
S25,25,naive,576,0
S25,25,naive,577,0
S25,25,naive,578,0
S25,25,naive,579,0
S25,25,naive,580,0
S25,25,naive,581,0
S25,25,naive,582,0
S25,25,naive,583,0
S25,25,naive,584,0
S25,25,naive,585,0
S25,25,naive,586,0
S25,25,naive,587,0
S25,25,naive,588,0
S25,25,naive,589,0
S25,25,naive,590,0
S25,25,naive,591,0
S25,25,naive,592,0
S25,25,naive,593,0
S25,25,naive,594,0
S25,25,naive,595,0
S25,25,naive,596,0
S25,25,naive,597,0
S25,25,naive,598,0
S25,25,naive,599,0
S25,25,constant,0,0
S25,25,constant,1,1
S25,25,constant,2,0
S25,25,constant,3,0
S25,25,constant,4,0
S25,25,constant,5,0
S25,25,constant,6,0
S25,25,constant,7,0
S25,25,constant,8,0
S25,25,constant,9,0
S25,25,constant,10,0
S25,25,constant,11,0
S25,25,constant,12,0
S25,25,constant,13,0
S25,25,constant,14,0
S25,25,constant,15,0
S25,25,constant,16,0
S25,25,constant,17,0
S25,25,constant,18,0
S25,25,constant,19,0
S25,25,constant,20,0
S25,25,constant,21,0
S25,25,constant,22,0
S25,25,constant,23,0
S25,25,constant,24,0
S25,25,constant,25,0
S25,25,constant,26,0
S25,25,constant,27,0
S25,25,constant,28,1
S25,25,constant,29,0
S25,25,constant,30,0
S25,25,constant,31,0
S25,25,constant,32,0
S25,25,constant,33,0
S25,25,constant,34,0
S25,25,constant,35,0
S25,25,constant,36,0
S25,25,constant,37,0
S25,25,constant,38,0
S25,25,constant,39,0
S25,25,constant,40,0
S25,25,constant,41,0
S25,25,constant,42,0
S25,25,constant,43,0
S25,25,constant,44,0
S25,25,constant,45,0
S25,25,constant,46,0
S25,25,constant,47,0
S25,25,constant,48,0
S25,25,constant,49,0
S25,25,constant,50,0
S25,25,constant,51,0
S25,25,constant,52,0
S25,25,constant,53,0
S25,25,constant,54,0
S25,25,constant,55,1
S25,25,constant,56,0
S25,25,constant,57,0
S25,25,constant,58,0
S25,25,constant,59,0
S25,25,constant,60,0
S25,25,constant,61,0
S25,25,constant,62,0
S25,25,constant,63,0
S25,25,constant,64,0
S25,25,constant,65,0
S25,25,constant,66,0
S25,25,constant,67,0
S25,25,constant,68,0
S25,25,constant,69,0
S25,25,constant,70,0
S25,25,constant,71,0
S25,25,constant,72,0
S25,25,constant,73,0
S25,25,constant,74,0
S25,25,constant,75,0
S25,25,constant,76,0
S25,25,constant,77,0
S25,25,constant,78,0
S25,25,constant,79,0
S25,25,constant,80,0
S25,25,constant,81,0
S25,25,constant,82,1.0000000000291038
S25,25,constant,83,0
S25,25,constant,84,0
S25,25,constant,85,0
S25,25,constant,86,0
S25,25,constant,87,0
S25,25,constant,88,0
S25,25,constant,89,0
S25,25,constant,90,0
S25,25,constant,91,0
S25,25,constant,92,0
S25,25,constant,93,0
S25,25,constant,94,0
S25,25,constant,95,0
S25,25,constant,96,0
S25,25,constant,97,0
S25,25,constant,98,0
S25,25,constant,99,0
S25,25,constant,100,0
S25,25,constant,101,0
S25,25,constant,102,0
S25,25,constant,103,0
S25,25,constant,104,0
S25,25,constant,105,0
S25,25,constant,106,0
S25,25,constant,107,0
S25,25,constant,108,0.9999999999708962
S25,25,constant,109,0
S25,25,constant,110,0
S25,25,constant,111,0
S25,25,constant,112,0
S25,25,constant,113,0
S25,25,constant,114,0
S25,25,constant,115,0
S25,25,constant,116,0
S25,25,constant,117,0
S25,25,constant,118,0
S25,25,constant,119,0
S25,25,constant,120,0
S25,25,constant,121,0
S25,25,constant,122,0
S25,25,constant,123,0
S25,25,constant,124,0
S25,25,constant,125,0
S25,25,constant,126,0
S25,25,constant,127,0
S25,25,constant,128,0
S25,25,constant,129,0
S25,25,constant,130,0
S25,25,constant,131,0
S25,25,constant,132,0
S25,25,constant,133,0
S25,25,constant,134,0
S25,25,constant,135,1
S25,25,constant,136,0
S25,25,constant,137,0
S25,25,constant,138,0
S25,25,constant,139,0
S25,25,constant,140,0
S25,25,constant,141,0
S25,25,constant,142,0
S25,25,constant,143,0
S25,25,constant,144,0
S25,25,constant,145,0
S25,25,constant,146,0
S25,25,constant,147,0
S25,25,constant,148,0
S25,25,constant,149,0
S25,25,constant,150,0
S25,25,constant,151,0
S25,25,constant,152,0
S25,25,constant,153,0
S25,25,constant,154,0
S25,25,constant,155,0
S25,25,constant,156,0
S25,25,constant,157,0
S25,25,constant,158,0
S25,25,constant,159,0
S25,25,constant,160,0
S25,25,constant,161,0
S25,25,constant,162,0
S25,25,constant,163,1
S25,25,constant,164,0
S25,25,constant,165,0
S25,25,constant,166,0
S25,25,constant,167,0
S25,25,constant,168,0
S25,25,constant,169,0
S25,25,constant,170,0
S25,25,constant,171,0
S25,25,constant,172,0
S25,25,constant,173,0
S25,25,constant,174,0
S25,25,constant,175,0
S25,25,constant,176,0
S25,25,constant,177,0
S25,25,constant,178,0
S25,25,constant,179,0
S25,25,constant,180,0
S25,25,constant,181,0
S25,25,constant,182,0
S25,25,constant,183,0
S25,25,constant,184,0
S25,25,constant,185,0
S25,25,constant,186,0
S25,25,constant,187,0
S25,25,constant,188,1
S25,25,constant,189,0
S25,25,constant,190,0
S25,25,constant,191,0
S25,25,constant,192,0
S25,25,constant,193,0
S25,25,constant,194,0
S25,25,constant,195,0
S25,25,constant,196,0
S25,25,constant,197,0
S25,25,constant,198,0
S25,25,constant,199,0
S25,25,constant,200,0
S25,25,constant,201,0
S25,25,constant,202,0
S25,25,constant,203,0
S25,25,constant,204,0
S25,25,constant,205,0
S25,25,constant,206,0
S25,25,constant,207,0
S25,25,constant,208,0
S25,25,constant,209,0
S25,25,constant,210,0
S25,25,constant,211,1
S25,25,constant,212,0
S25,25,constant,213,0
S25,25,constant,214,0
S25,25,constant,215,0
S25,25,constant,216,0
S25,25,constant,217,0
S25,25,constant,218,0
S25,25,constant,219,0
S25,25,constant,220,0
S25,25,constant,221,0
S25,25,constant,222,0
S25,25,constant,223,0
S25,25,constant,224,0
S25,25,constant,225,0
S25,25,constant,226,0
S25,25,constant,227,0
S25,25,constant,228,0
S25,25,constant,229,0
S25,25,constant,230,0
S25,25,constant,231,0
S25,25,constant,232,0
S25,25,constant,233,0
S25,25,constant,234,0
S25,25,constant,235,1.0000000000291038
S25,25,constant,236,0
S25,25,constant,237,0
S25,25,constant,238,0
S25,25,constant,239,0
S25,25,constant,240,0
S25,25,constant,241,0
S25,25,constant,242,0
S25,25,constant,243,0
S25,25,constant,244,0
S25,25,constant,245,0
S25,25,constant,246,0
S25,25,constant,247,0
S25,25,constant,248,0
S25,25,constant,249,0
S25,25,constant,250,0
S25,25,constant,251,0
S25,25,constant,252,0
S25,25,constant,253,0
S25,25,constant,254,0
S25,25,constant,255,0
S25,25,constant,256,0
S25,25,constant,257,0
S25,25,constant,258,0
S25,25,constant,259,0
S25,25,constant,260,0
S25,25,constant,261,0.9999999999708962
S25,25,constant,262,0
S25,25,constant,263,0
S25,25,constant,264,0
S25,25,constant,265,0
S25,25,constant,266,0
S25,25,constant,267,0
S25,25,constant,268,0
S25,25,constant,269,0
S25,25,constant,270,0
S25,25,constant,271,0
S25,25,constant,272,0
S25,25,constant,273,0
S25,25,constant,274,0
S25,25,constant,275,0
S25,25,constant,276,0
S25,25,constant,277,0
S25,25,constant,278,0
S25,25,constant,279,0
S25,25,constant,280,0
S25,25,constant,281,0
S25,25,constant,282,0
S25,25,constant,283,0
S25,25,constant,284,0
S25,25,constant,285,0
S25,25,constant,286,0
S25,25,constant,287,1
S25,25,constant,288,0
S25,25,constant,289,0
S25,25,constant,290,0
S25,25,constant,291,0
S25,25,constant,292,0
S25,25,constant,293,0
S25,25,constant,294,0
S25,25,constant,295,0
S25,25,constant,296,0
S25,25,constant,297,0
S25,25,constant,298,0
S25,25,constant,299,0
S25,25,constant,300,0
S25,25,constant,301,0
S25,25,constant,302,0
S25,25,constant,303,0
S25,25,constant,304,0
S25,25,constant,305,0
S25,25,constant,306,0
S25,25,constant,307,0
S25,25,constant,308,0
S25,25,constant,309,0
S25,25,constant,310,0
S25,25,constant,311,0
S25,25,constant,312,1
S25,25,constant,313,0
S25,25,constant,314,0
S25,25,constant,315,0
S25,25,constant,316,0
S25,25,constant,317,0
S25,25,constant,318,0
S25,25,constant,319,0
S25,25,constant,320,0
S25,25,constant,321,0
S25,25,constant,322,0
S25,25,constant,323,0
S25,25,constant,324,0
S25,25,constant,325,0
S25,25,constant,326,0
S25,25,constant,327,0
S25,25,constant,328,0
S25,25,constant,329,0
S25,25,constant,330,0
S25,25,constant,331,0
S25,25,constant,332,0
S25,25,constant,333,0
S25,25,constant,334,0
S25,25,constant,335,0
S25,25,constant,336,0
S25,25,constant,337,0
S25,25,constant,338,1
S25,25,constant,339,0
S25,25,constant,340,0
S25,25,constant,341,0
S25,25,constant,342,0
S25,25,constant,343,0
S25,25,constant,344,0
S25,25,constant,345,0
S25,25,constant,346,0
S25,25,constant,347,0
S25,25,constant,348,0
S25,25,constant,349,0
S25,25,constant,350,0
S25,25,constant,351,0
S25,25,constant,352,0
S25,25,constant,353,0
S25,25,constant,354,0
S25,25,constant,355,0
S25,25,constant,356,0
S25,25,constant,357,0
S25,25,constant,358,0
S25,25,constant,359,0
S25,25,constant,360,0
S25,25,constant,361,0
S25,25,constant,362,0
S25,25,constant,363,0
S25,25,constant,364,0
S25,25,constant,365,1
S25,25,constant,366,0
S25,25,constant,367,0
S25,25,constant,368,0
S25,25,constant,369,0
S25,25,constant,370,0
S25,25,constant,371,0
S25,25,constant,372,0
S25,25,constant,373,0
S25,25,constant,374,0
S25,25,constant,375,0
S25,25,constant,376,0
S25,25,constant,377,0
S25,25,constant,378,0
S25,25,constant,379,0
S25,25,constant,380,0
S25,25,constant,381,0
S25,25,constant,382,0
S25,25,constant,383,0
S25,25,constant,384,0
S25,25,constant,385,0
S25,25,constant,386,0
S25,25,constant,387,0
S25,25,constant,388,0
S25,25,constant,389,0
S25,25,constant,390,0
S25,25,constant,391,0
S25,25,constant,392,0
S25,25,constant,393,1.0000000000291038
S25,25,constant,394,0
S25,25,constant,395,0
S25,25,constant,396,0
S25,25,constant,397,0
S25,25,constant,398,0
S25,25,constant,399,0
S25,25,constant,400,0
S25,25,constant,401,0
S25,25,constant,402,0
S25,25,constant,403,0
S25,25,constant,404,0
S25,25,constant,405,0
S25,25,constant,406,0
S25,25,constant,407,0
S25,25,constant,408,0
S25,25,constant,409,0
S25,25,constant,410,0
S25,25,constant,411,0
S25,25,constant,412,0
S25,25,constant,413,0
S25,25,constant,414,0
S25,25,constant,415,0
S25,25,constant,416,0
S25,25,constant,417,0
S25,25,constant,418,0.9999999999708962
S25,25,constant,419,0
S25,25,constant,420,0
S25,25,constant,421,0
S25,25,constant,422,0
S25,25,constant,423,0
S25,25,constant,424,0
S25,25,constant,425,0
S25,25,constant,426,0
S25,25,constant,427,0
S25,25,constant,428,0
S25,25,constant,429,0
S25,25,constant,430,0
S25,25,constant,431,0
S25,25,constant,432,0
S25,25,constant,433,0
S25,25,constant,434,0
S25,25,constant,435,0
S25,25,constant,436,0
S25,25,constant,437,0
S25,25,constant,438,0
S25,25,constant,439,0
S25,25,constant,440,0
S25,25,constant,441,0
S25,25,constant,442,0
S25,25,constant,443,0
S25,25,constant,444,1
S25,25,constant,445,0
S25,25,constant,446,0
S25,25,constant,447,0
S25,25,constant,448,0
S25,25,constant,449,0
S25,25,constant,450,0
S25,25,constant,451,0
S25,25,constant,452,0
S25,25,constant,453,0
S25,25,constant,454,0
S25,25,constant,455,0
S25,25,constant,456,0
S25,25,constant,457,0
S25,25,constant,458,0
S25,25,constant,459,0
S25,25,constant,460,0
S25,25,constant,461,0
S25,25,constant,462,0
S25,25,constant,463,0
S25,25,constant,464,0
S25,25,constant,465,0
S25,25,constant,466,0
S25,25,constant,467,0
S25,25,constant,468,0
S25,25,constant,469,0
S25,25,constant,470,0
S25,25,constant,471,0
S25,25,constant,472,1
S25,25,constant,473,0
S25,25,constant,474,0
S25,25,constant,475,0
S25,25,constant,476,0
S25,25,constant,477,0
S25,25,constant,478,0
S25,25,constant,479,0
S25,25,constant,480,0
S25,25,constant,481,0
S25,25,constant,482,0
S25,25,constant,483,0
S25,25,constant,484,0
S25,25,constant,485,0
S25,25,constant,486,0
S25,25,constant,487,0
S25,25,constant,488,0
S25,25,constant,489,0
S25,25,constant,490,0
S25,25,constant,491,0
S25,25,constant,492,0
S25,25,constant,493,0
S25,25,constant,494,0
S25,25,constant,495,0
S25,25,constant,496,0
S25,25,constant,497,0
S25,25,constant,498,0
S25,25,constant,499,1
S25,25,constant,500,0
S25,25,constant,501,0
S25,25,constant,502,0
S25,25,constant,503,0
S25,25,constant,504,0
S25,25,constant,505,0
S25,25,constant,506,0
S25,25,constant,507,0
S25,25,constant,508,0
S25,25,constant,509,0
S25,25,constant,510,0
S25,25,constant,511,0
S25,25,constant,512,0
S25,25,constant,513,0
S25,25,constant,514,0
S25,25,constant,515,0
S25,25,constant,516,0
S25,25,constant,517,0
S25,25,constant,518,0
S25,25,constant,519,0
S25,25,constant,520,0
S25,25,constant,521,0
S25,25,constant,522,0
S25,25,constant,523,0
S25,25,constant,524,0
S25,25,constant,525,0
S25,25,constant,526,1
S25,25,constant,527,0
S25,25,constant,528,0
S25,25,constant,529,0
S25,25,constant,530,0
S25,25,constant,531,0
S25,25,constant,532,0
S25,25,constant,533,0
S25,25,constant,534,0
S25,25,constant,535,0
S25,25,constant,536,0
S25,25,constant,537,0
S25,25,constant,538,0
S25,25,constant,539,0
S25,25,constant,540,0
S25,25,constant,541,0
S25,25,constant,542,0
S25,25,constant,543,0
S25,25,constant,544,0
S25,25,constant,545,0
S25,25,constant,546,0
S25,25,constant,547,0
S25,25,constant,548,0
S25,25,constant,549,0
S25,25,constant,550,0
S25,25,constant,551,0
S25,25,constant,552,0
S25,25,constant,553,0
S25,25,constant,554,1.0000000000291038
S25,25,constant,555,0
S25,25,constant,556,0
S25,25,constant,557,0
S25,25,constant,558,0
S25,25,constant,559,0
S25,25,constant,560,0
S25,25,constant,561,0
S25,25,constant,562,0
S25,25,constant,563,0
S25,25,constant,564,0
S25,25,constant,565,0
S25,25,constant,566,0
S25,25,constant,567,0
S25,25,constant,568,0
S25,25,constant,569,0
S25,25,constant,570,0
S25,25,constant,571,0
S25,25,constant,572,0
S25,25,constant,573,0
S25,25,constant,574,0
S25,25,constant,575,0
S25,25,constant,576,0
S25,25,constant,577,0
S25,25,constant,578,0
S25,25,constant,579,0
S25,25,constant,580,0
S25,25,constant,581,0.9999999999708962
S25,25,constant,582,0
S25,25,constant,583,0
S25,25,constant,584,0
S25,25,constant,585,0
S25,25,constant,586,0
S25,25,constant,587,0
S25,25,constant,588,0
S25,25,constant,589,0
S25,25,constant,590,0
S25,25,constant,591,0
S25,25,constant,592,0
S25,25,constant,593,0
S25,25,constant,594,0
S25,25,constant,595,0
S25,25,constant,596,0
S25,25,constant,597,0
S25,25,constant,598,0
S25,25,constant,599,0
S50,50,naive,0,0
S50,50,naive,1,0
S50,50,naive,2,0
S50,50,naive,3,0
S50,50,naive,4,0
S50,50,naive,5,0
S50,50,naive,6,0
S50,50,naive,7,0
S50,50,naive,8,0
S50,50,naive,9,0
S50,50,naive,10,0
S50,50,naive,11,0
S50,50,naive,12,1
S50,50,naive,13,0
S50,50,naive,14,0
S50,50,naive,15,0
S50,50,naive,16,0
S50,50,naive,17,0
S50,50,naive,18,0
S50,50,naive,19,0
S50,50,naive,20,0
S50,50,naive,21,0
S50,50,naive,22,0
S50,50,naive,23,0
S50,50,naive,24,0
S50,50,naive,25,0
S50,50,naive,26,0
S50,50,naive,27,0
S50,50,naive,28,0
S50,50,naive,29,0
S50,50,naive,30,0
S50,50,naive,31,0
S50,50,naive,32,0
S50,50,naive,33,0
S50,50,naive,34,0
S50,50,naive,35,0
S50,50,naive,36,0
S50,50,naive,37,0
S50,50,naive,38,0
S50,50,naive,39,0
S50,50,naive,40,0
S50,50,naive,41,0
S50,50,naive,42,0
S50,50,naive,43,0
S50,50,naive,44,0
S50,50,naive,45,1.0000000000291038
S50,50,naive,46,0
S50,50,naive,47,0
S50,50,naive,48,0
S50,50,naive,49,0
S50,50,naive,50,0
S50,50,naive,51,0
S50,50,naive,52,0
S50,50,naive,53,0
S50,50,naive,54,0
S50,50,naive,55,0
S50,50,naive,56,0
S50,50,naive,57,0
S50,50,naive,58,0
S50,50,naive,59,0
S50,50,naive,60,0
S50,50,naive,61,0
S50,50,naive,62,0
S50,50,naive,63,0
S50,50,naive,64,0
S50,50,naive,65,0
S50,50,naive,66,0
S50,50,naive,67,0
S50,50,naive,68,0
S50,50,naive,69,0
S50,50,naive,70,0
S50,50,naive,71,0
S50,50,naive,72,0
S50,50,naive,73,0
S50,50,naive,74,0
S50,50,naive,75,0
S50,50,naive,76,0
S50,50,naive,77,0
S50,50,naive,78,0
S50,50,naive,79,0
S50,50,naive,80,0
S50,50,naive,81,0
S50,50,naive,82,0.9999999999708962
S50,50,naive,83,0
S50,50,naive,84,0
S50,50,naive,85,0
S50,50,naive,86,0
S50,50,naive,87,0
S50,50,naive,88,0
S50,50,naive,89,0
S50,50,naive,90,0
S50,50,naive,91,0
S50,50,naive,92,0
S50,50,naive,93,0
S50,50,naive,94,0
S50,50,naive,95,0
S50,50,naive,96,0
S50,50,naive,97,0
S50,50,naive,98,0
S50,50,naive,99,0
S50,50,naive,100,0
S50,50,naive,101,0
S50,50,naive,102,0
S50,50,naive,103,0
S50,50,naive,104,0
S50,50,naive,105,0
S50,50,naive,106,0
S50,50,naive,107,0
S50,50,naive,108,0
S50,50,naive,109,0
S50,50,naive,110,0
S50,50,naive,111,0
S50,50,naive,112,0
S50,50,naive,113,0
S50,50,naive,114,0
S50,50,naive,115,0
S50,50,naive,116,0
S50,50,naive,117,1
S50,50,naive,118,0
S50,50,naive,119,0
S50,50,naive,120,0
S50,50,naive,121,0
S50,50,naive,122,0
S50,50,naive,123,0
S50,50,naive,124,0
S50,50,naive,125,0
S50,50,naive,126,0
S50,50,naive,127,0
S50,50,naive,128,0
S50,50,naive,129,0
S50,50,naive,130,0
S50,50,naive,131,0
S50,50,naive,132,0
S50,50,naive,133,0
S50,50,naive,134,0
S50,50,naive,135,0
S50,50,naive,136,0
S50,50,naive,137,0
S50,50,naive,138,0
S50,50,naive,139,0
S50,50,naive,140,0
S50,50,naive,141,0
S50,50,naive,142,0
S50,50,naive,143,0
S50,50,naive,144,0
S50,50,naive,145,0
S50,50,naive,146,0
S50,50,naive,147,0
S50,50,naive,148,0
S50,50,naive,149,0
S50,50,naive,150,0
S50,50,naive,151,0
S50,50,naive,152,0
S50,50,naive,153,1
S50,50,naive,154,0
S50,50,naive,155,0
S50,50,naive,156,0
S50,50,naive,157,0
S50,50,naive,158,0
S50,50,naive,159,0
S50,50,naive,160,0
S50,50,naive,161,0
S50,50,naive,162,0
S50,50,naive,163,0
S50,50,naive,164,0
S50,50,naive,165,0
S50,50,naive,166,0
S50,50,naive,167,0
S50,50,naive,168,0
S50,50,naive,169,0
S50,50,naive,170,0
S50,50,naive,171,0
S50,50,naive,172,0
S50,50,naive,173,0
S50,50,naive,174,0
S50,50,naive,175,0
S50,50,naive,176,0
S50,50,naive,177,0
S50,50,naive,178,0
S50,50,naive,179,0
S50,50,naive,180,0
S50,50,naive,181,0
S50,50,naive,182,0
S50,50,naive,183,0
S50,50,naive,184,0
S50,50,naive,185,0
S50,50,naive,186,0
S50,50,naive,187,0
S50,50,naive,188,0
S50,50,naive,189,1
S50,50,naive,190,0
S50,50,naive,191,0
S50,50,naive,192,0
S50,50,naive,193,0
S50,50,naive,194,0
S50,50,naive,195,0
S50,50,naive,196,0
S50,50,naive,197,0
S50,50,naive,198,0
S50,50,naive,199,0
S50,50,naive,200,0
S50,50,naive,201,0
S50,50,naive,202,0
S50,50,naive,203,0
S50,50,naive,204,0
S50,50,naive,205,0
S50,50,naive,206,0
S50,50,naive,207,0
S50,50,naive,208,0
S50,50,naive,209,0
S50,50,naive,210,0
S50,50,naive,211,0
S50,50,naive,212,0
S50,50,naive,213,0
S50,50,naive,214,0
S50,50,naive,215,0
S50,50,naive,216,0
S50,50,naive,217,0
S50,50,naive,218,0
S50,50,naive,219,0
S50,50,naive,220,0
S50,50,naive,221,0
S50,50,naive,222,0
S50,50,naive,223,0
S50,50,naive,224,0
S50,50,naive,225,1
S50,50,naive,226,0
S50,50,naive,227,0
S50,50,naive,228,0
S50,50,naive,229,0
S50,50,naive,230,0
S50,50,naive,231,0
S50,50,naive,232,0
S50,50,naive,233,0
S50,50,naive,234,0
S50,50,naive,235,0
S50,50,naive,236,0
S50,50,naive,237,0
S50,50,naive,238,0
S50,50,naive,239,0
S50,50,naive,240,0
S50,50,naive,241,0
S50,50,naive,242,0
S50,50,naive,243,0
S50,50,naive,244,0
S50,50,naive,245,0
S50,50,naive,246,0
S50,50,naive,247,0
S50,50,naive,248,0
S50,50,naive,249,0
S50,50,naive,250,0
S50,50,naive,251,0
S50,50,naive,252,0
S50,50,naive,253,0
S50,50,naive,254,0
S50,50,naive,255,0
S50,50,naive,256,0
S50,50,naive,257,0
S50,50,naive,258,0
S50,50,naive,259,0
S50,50,naive,260,0
S50,50,naive,261,1.0000000000291038
S50,50,naive,262,0
S50,50,naive,263,0
S50,50,naive,264,0
S50,50,naive,265,0
S50,50,naive,266,0
S50,50,naive,267,0
S50,50,naive,268,0
S50,50,naive,269,0
S50,50,naive,270,0
S50,50,naive,271,0
S50,50,naive,272,0
S50,50,naive,273,0
S50,50,naive,274,0
S50,50,naive,275,0
S50,50,naive,276,0
S50,50,naive,277,0
S50,50,naive,278,0
S50,50,naive,279,0
S50,50,naive,280,0
S50,50,naive,281,0
S50,50,naive,282,0
S50,50,naive,283,0
S50,50,naive,284,0
S50,50,naive,285,0
S50,50,naive,286,0
S50,50,naive,287,0
S50,50,naive,288,0
S50,50,naive,289,0
S50,50,naive,290,0
S50,50,naive,291,0
S50,50,naive,292,0
S50,50,naive,293,0
S50,50,naive,294,0
S50,50,naive,295,0
S50,50,naive,296,0
S50,50,naive,297,0.9999999999708962
S50,50,naive,298,0
S50,50,naive,299,0
S50,50,naive,300,0
S50,50,naive,301,0
S50,50,naive,302,0
S50,50,naive,303,0
S50,50,naive,304,0
S50,50,naive,305,0
S50,50,naive,306,0
S50,50,naive,307,0
S50,50,naive,308,0
S50,50,naive,309,0
S50,50,naive,310,0
S50,50,naive,311,0
S50,50,naive,312,0
S50,50,naive,313,0
S50,50,naive,314,0
S50,50,naive,315,0
S50,50,naive,316,0
S50,50,naive,317,0
S50,50,naive,318,0
S50,50,naive,319,0
S50,50,naive,320,0
S50,50,naive,321,0
S50,50,naive,322,0
S50,50,naive,323,0
S50,50,naive,324,0
S50,50,naive,325,0
S50,50,naive,326,0
S50,50,naive,327,0
S50,50,naive,328,0
S50,50,naive,329,0
S50,50,naive,330,0
S50,50,naive,331,1
S50,50,naive,332,0
S50,50,naive,333,0
S50,50,naive,334,0
S50,50,naive,335,0
S50,50,naive,336,0
S50,50,naive,337,0
S50,50,naive,338,0
S50,50,naive,339,0
S50,50,naive,340,0
S50,50,naive,341,0
S50,50,naive,342,0
S50,50,naive,343,0
S50,50,naive,344,0
S50,50,naive,345,0
S50,50,naive,346,0
S50,50,naive,347,0
S50,50,naive,348,0
S50,50,naive,349,0
S50,50,naive,350,0
S50,50,naive,351,0
S50,50,naive,352,0
S50,50,naive,353,0
S50,50,naive,354,0
S50,50,naive,355,0
S50,50,naive,356,0
S50,50,naive,357,0
S50,50,naive,358,0
S50,50,naive,359,0
S50,50,naive,360,0
S50,50,naive,361,0
S50,50,naive,362,0
S50,50,naive,363,0
S50,50,naive,364,0
S50,50,naive,365,0
S50,50,naive,366,0
S50,50,naive,367,1
S50,50,naive,368,0
S50,50,naive,369,0
S50,50,naive,370,0
S50,50,naive,371,0
S50,50,naive,372,0
S50,50,naive,373,0
S50,50,naive,374,0
S50,50,naive,375,0
S50,50,naive,376,0
S50,50,naive,377,0
S50,50,naive,378,0
S50,50,naive,379,0
S50,50,naive,380,0
S50,50,naive,381,0
S50,50,naive,382,0
S50,50,naive,383,0
S50,50,naive,384,0
S50,50,naive,385,0
S50,50,naive,386,0
S50,50,naive,387,0
S50,50,naive,388,0
S50,50,naive,389,0
S50,50,naive,390,0
S50,50,naive,391,0
S50,50,naive,392,0
S50,50,naive,393,0
S50,50,naive,394,0
S50,50,naive,395,0
S50,50,naive,396,0
S50,50,naive,397,0
S50,50,naive,398,0
S50,50,naive,399,0
S50,50,naive,400,0
S50,50,naive,401,0
S50,50,naive,402,0
S50,50,naive,403,0
S50,50,naive,404,1
S50,50,naive,405,0
S50,50,naive,406,0
S50,50,naive,407,0
S50,50,naive,408,0
S50,50,naive,409,0
S50,50,naive,410,0
S50,50,naive,411,0
S50,50,naive,412,0
S50,50,naive,413,0
S50,50,naive,414,0
S50,50,naive,415,0
S50,50,naive,416,0
S50,50,naive,417,0
S50,50,naive,418,0
S50,50,naive,419,0
S50,50,naive,420,0
S50,50,naive,421,0
S50,50,naive,422,0
S50,50,naive,423,0
S50,50,naive,424,0
S50,50,naive,425,0
S50,50,naive,426,0
S50,50,naive,427,0
S50,50,naive,428,0
S50,50,naive,429,0
S50,50,naive,430,0
S50,50,naive,431,0
S50,50,naive,432,0
S50,50,naive,433,0
S50,50,naive,434,0
S50,50,naive,435,0
S50,50,naive,436,0
S50,50,naive,437,0
S50,50,naive,438,0
S50,50,naive,439,0
S50,50,naive,440,1
S50,50,naive,441,0
S50,50,naive,442,0
S50,50,naive,443,0
S50,50,naive,444,0
S50,50,naive,445,0
S50,50,naive,446,0
S50,50,naive,447,0
S50,50,naive,448,0
S50,50,naive,449,0
S50,50,naive,450,0
S50,50,naive,451,0
S50,50,naive,452,0
S50,50,naive,453,0
S50,50,naive,454,0
S50,50,naive,455,0
S50,50,naive,456,0
S50,50,naive,457,0
S50,50,naive,458,0
S50,50,naive,459,0
S50,50,naive,460,0
S50,50,naive,461,0
S50,50,naive,462,0
S50,50,naive,463,0
S50,50,naive,464,0
S50,50,naive,465,0
S50,50,naive,466,0
S50,50,naive,467,0
S50,50,naive,468,0
S50,50,naive,469,0
S50,50,naive,470,0
S50,50,naive,471,0
S50,50,naive,472,0
S50,50,naive,473,0
S50,50,naive,474,1.0000000000291038
S50,50,naive,475,0
S50,50,naive,476,0
S50,50,naive,477,0
S50,50,naive,478,0
S50,50,naive,479,0
S50,50,naive,480,0
S50,50,naive,481,0
S50,50,naive,482,0
S50,50,naive,483,0
S50,50,naive,484,0
S50,50,naive,485,0
S50,50,naive,486,0
S50,50,naive,487,0
S50,50,naive,488,0
S50,50,naive,489,0
S50,50,naive,490,0
S50,50,naive,491,0
S50,50,naive,492,0
S50,50,naive,493,0
S50,50,naive,494,0
S50,50,naive,495,0
S50,50,naive,496,0
S50,50,naive,497,0
S50,50,naive,498,0
S50,50,naive,499,0
S50,50,naive,500,0
S50,50,naive,501,0
S50,50,naive,502,0
S50,50,naive,503,0
S50,50,naive,504,0
S50,50,naive,505,0
S50,50,naive,506,0
S50,50,naive,507,0
S50,50,naive,508,0
S50,50,naive,509,0
S50,50,naive,510,0.9999999999708962
S50,50,naive,511,0
S50,50,naive,512,0
S50,50,naive,513,0
S50,50,naive,514,0
S50,50,naive,515,0
S50,50,naive,516,0
S50,50,naive,517,0
S50,50,naive,518,0
S50,50,naive,519,0
S50,50,naive,520,0
S50,50,naive,521,0
S50,50,naive,522,0
S50,50,naive,523,0
S50,50,naive,524,0
S50,50,naive,525,0
S50,50,naive,526,0
S50,50,naive,527,0
S50,50,naive,528,0
S50,50,naive,529,0
S50,50,naive,530,0
S50,50,naive,531,0
S50,50,naive,532,0
S50,50,naive,533,0
S50,50,naive,534,0
S50,50,naive,535,0
S50,50,naive,536,0
S50,50,naive,537,0
S50,50,naive,538,0
S50,50,naive,539,0
S50,50,naive,540,0
S50,50,naive,541,0
S50,50,naive,542,0
S50,50,naive,543,0
S50,50,naive,544,0
S50,50,naive,545,1
S50,50,naive,546,0
S50,50,naive,547,0
S50,50,naive,548,0
S50,50,naive,549,0
S50,50,naive,550,0
S50,50,naive,551,0
S50,50,naive,552,0
S50,50,naive,553,0
S50,50,naive,554,0
S50,50,naive,555,0
S50,50,naive,556,0
S50,50,naive,557,0
S50,50,naive,558,0
S50,50,naive,559,0
S50,50,naive,560,0
S50,50,naive,561,0
S50,50,naive,562,0
S50,50,naive,563,0
S50,50,naive,564,0
S50,50,naive,565,0
S50,50,naive,566,0
S50,50,naive,567,0
S50,50,naive,568,0
S50,50,naive,569,0
S50,50,naive,570,0
S50,50,naive,571,0
S50,50,naive,572,0
S50,50,naive,573,0
S50,50,naive,574,0
S50,50,naive,575,0
S50,50,naive,576,0
S50,50,naive,577,0
S50,50,naive,578,0
S50,50,naive,579,0
S50,50,naive,580,1
S50,50,naive,581,0
S50,50,naive,582,0
S50,50,naive,583,0
S50,50,naive,584,0
S50,50,naive,585,0
S50,50,naive,586,0
S50,50,naive,587,0
S50,50,naive,588,0
S50,50,naive,589,0
S50,50,naive,590,0
S50,50,naive,591,0
S50,50,naive,592,0
S50,50,naive,593,0
S50,50,naive,594,0
S50,50,naive,595,0
S50,50,naive,596,0
S50,50,naive,597,0
S50,50,naive,598,0
S50,50,naive,599,0
S50,50,constant,0,0
S50,50,constant,1,0
S50,50,constant,2,0
S50,50,constant,3,0
S50,50,constant,4,0
S50,50,constant,5,0
S50,50,constant,6,0
S50,50,constant,7,0
S50,50,constant,8,0
S50,50,constant,9,0
S50,50,constant,10,0
S50,50,constant,11,0
S50,50,constant,12,0
S50,50,constant,13,0
S50,50,constant,14,0
S50,50,constant,15,0
S50,50,constant,16,0
S50,50,constant,17,0
S50,50,constant,18,0
S50,50,constant,19,0
S50,50,constant,20,0
S50,50,constant,21,0
S50,50,constant,22,0
S50,50,constant,23,0
S50,50,constant,24,0
S50,50,constant,25,0
S50,50,constant,26,0
S50,50,constant,27,0
S50,50,constant,28,0
S50,50,constant,29,0
S50,50,constant,30,0
S50,50,constant,31,0
S50,50,constant,32,0
S50,50,constant,33,0
S50,50,constant,34,0
S50,50,constant,35,1
S50,50,constant,36,0
S50,50,constant,37,0
S50,50,constant,38,0
S50,50,constant,39,0
S50,50,constant,40,0
S50,50,constant,41,0
S50,50,constant,42,0
S50,50,constant,43,0
S50,50,constant,44,0
S50,50,constant,45,0
S50,50,constant,46,0
S50,50,constant,47,0
S50,50,constant,48,0
S50,50,constant,49,0
S50,50,constant,50,0
S50,50,constant,51,0
S50,50,constant,52,0
S50,50,constant,53,0
S50,50,constant,54,0
S50,50,constant,55,0
S50,50,constant,56,0
S50,50,constant,57,0
S50,50,constant,58,0
S50,50,constant,59,0
S50,50,constant,60,0
S50,50,constant,61,0
S50,50,constant,62,0
S50,50,constant,63,1
S50,50,constant,64,0
S50,50,constant,65,0
S50,50,constant,66,0
S50,50,constant,67,0
S50,50,constant,68,0
S50,50,constant,69,0
S50,50,constant,70,0
S50,50,constant,71,0
S50,50,constant,72,0
S50,50,constant,73,0
S50,50,constant,74,0
S50,50,constant,75,0
S50,50,constant,76,0
S50,50,constant,77,0
S50,50,constant,78,0
S50,50,constant,79,0
S50,50,constant,80,0
S50,50,constant,81,0
S50,50,constant,82,0
S50,50,constant,83,0
S50,50,constant,84,0
S50,50,constant,85,0
S50,50,constant,86,0
S50,50,constant,87,0
S50,50,constant,88,0
S50,50,constant,89,0
S50,50,constant,90,0
S50,50,constant,91,1
S50,50,constant,92,0
S50,50,constant,93,0
S50,50,constant,94,0
S50,50,constant,95,0
S50,50,constant,96,0
S50,50,constant,97,0
S50,50,constant,98,0
S50,50,constant,99,0
S50,50,constant,100,0
S50,50,constant,101,0
S50,50,constant,102,0
S50,50,constant,103,0
S50,50,constant,104,0
S50,50,constant,105,0
S50,50,constant,106,0
S50,50,constant,107,0
S50,50,constant,108,0
S50,50,constant,109,0
S50,50,constant,110,0
S50,50,constant,111,0
S50,50,constant,112,0
S50,50,constant,113,0
S50,50,constant,114,0
S50,50,constant,115,0
S50,50,constant,116,0
S50,50,constant,117,0
S50,50,constant,118,1
S50,50,constant,119,0
S50,50,constant,120,0
S50,50,constant,121,0
S50,50,constant,122,0
S50,50,constant,123,0
S50,50,constant,124,0
S50,50,constant,125,0
S50,50,constant,126,0
S50,50,constant,127,0
S50,50,constant,128,0
S50,50,constant,129,0
S50,50,constant,130,0
S50,50,constant,131,0
S50,50,constant,132,0
S50,50,constant,133,0
S50,50,constant,134,0
S50,50,constant,135,0
S50,50,constant,136,0
S50,50,constant,137,0
S50,50,constant,138,0
S50,50,constant,139,0
S50,50,constant,140,0
S50,50,constant,141,0
S50,50,constant,142,0
S50,50,constant,143,0
S50,50,constant,144,0
S50,50,constant,145,0
S50,50,constant,146,1
S50,50,constant,147,0
S50,50,constant,148,0
S50,50,constant,149,0
S50,50,constant,150,0
S50,50,constant,151,0
S50,50,constant,152,0
S50,50,constant,153,0
S50,50,constant,154,0
S50,50,constant,155,0
S50,50,constant,156,0
S50,50,constant,157,0
S50,50,constant,158,0
S50,50,constant,159,0
S50,50,constant,160,0
S50,50,constant,161,0
S50,50,constant,162,0
S50,50,constant,163,0
S50,50,constant,164,0
S50,50,constant,165,0
S50,50,constant,166,0
S50,50,constant,167,0
S50,50,constant,168,0
S50,50,constant,169,0
S50,50,constant,170,0
S50,50,constant,171,0
S50,50,constant,172,0
S50,50,constant,173,0
S50,50,constant,174,1
S50,50,constant,175,0
S50,50,constant,176,0
S50,50,constant,177,0
S50,50,constant,178,0
S50,50,constant,179,0
S50,50,constant,180,0
S50,50,constant,181,0
S50,50,constant,182,0
S50,50,constant,183,0
S50,50,constant,184,0
S50,50,constant,185,0
S50,50,constant,186,0
S50,50,constant,187,0
S50,50,constant,188,0
S50,50,constant,189,0
S50,50,constant,190,0
S50,50,constant,191,0
S50,50,constant,192,0
S50,50,constant,193,0
S50,50,constant,194,0
S50,50,constant,195,0
S50,50,constant,196,0
S50,50,constant,197,0
S50,50,constant,198,0
S50,50,constant,199,0
S50,50,constant,200,0
S50,50,constant,201,1
S50,50,constant,202,0
S50,50,constant,203,0
S50,50,constant,204,0
S50,50,constant,205,0
S50,50,constant,206,0
S50,50,constant,207,0
S50,50,constant,208,0
S50,50,constant,209,0
S50,50,constant,210,0
S50,50,constant,211,0
S50,50,constant,212,0
S50,50,constant,213,0
S50,50,constant,214,0
S50,50,constant,215,0
S50,50,constant,216,0
S50,50,constant,217,0
S50,50,constant,218,0
S50,50,constant,219,0
S50,50,constant,220,0
S50,50,constant,221,0
S50,50,constant,222,0
S50,50,constant,223,0
S50,50,constant,224,0
S50,50,constant,225,0
S50,50,constant,226,0
S50,50,constant,227,0
S50,50,constant,228,0
S50,50,constant,229,1
S50,50,constant,230,0
S50,50,constant,231,0
S50,50,constant,232,0
S50,50,constant,233,0
S50,50,constant,234,0
S50,50,constant,235,0
S50,50,constant,236,0
S50,50,constant,237,0
S50,50,constant,238,0
S50,50,constant,239,0
S50,50,constant,240,0
S50,50,constant,241,0
S50,50,constant,242,0
S50,50,constant,243,0
S50,50,constant,244,0
S50,50,constant,245,0
S50,50,constant,246,0
S50,50,constant,247,0
S50,50,constant,248,0
S50,50,constant,249,0
S50,50,constant,250,0
S50,50,constant,251,0
S50,50,constant,252,0
S50,50,constant,253,0
S50,50,constant,254,0
S50,50,constant,255,0
S50,50,constant,256,0
S50,50,constant,257,1
S50,50,constant,258,0
S50,50,constant,259,0
S50,50,constant,260,0
S50,50,constant,261,0
S50,50,constant,262,0
S50,50,constant,263,0
S50,50,constant,264,0
S50,50,constant,265,0
S50,50,constant,266,0
S50,50,constant,267,0
S50,50,constant,268,0
S50,50,constant,269,0
S50,50,constant,270,0
S50,50,constant,271,0
S50,50,constant,272,0
S50,50,constant,273,0
S50,50,constant,274,0
S50,50,constant,275,0
S50,50,constant,276,0
S50,50,constant,277,0
S50,50,constant,278,0
S50,50,constant,279,0
S50,50,constant,280,0
S50,50,constant,281,0
S50,50,constant,282,0
S50,50,constant,283,0
S50,50,constant,284,0
S50,50,constant,285,1
S50,50,constant,286,0
S50,50,constant,287,0
S50,50,constant,288,0
S50,50,constant,289,0
S50,50,constant,290,0
S50,50,constant,291,0
S50,50,constant,292,0
S50,50,constant,293,0
S50,50,constant,294,0
S50,50,constant,295,0
S50,50,constant,296,0
S50,50,constant,297,0
S50,50,constant,298,0
S50,50,constant,299,0
S50,50,constant,300,0
S50,50,constant,301,0
S50,50,constant,302,0
S50,50,constant,303,0
S50,50,constant,304,0
S50,50,constant,305,0
S50,50,constant,306,0
S50,50,constant,307,0
S50,50,constant,308,0
S50,50,constant,309,0
S50,50,constant,310,0
S50,50,constant,311,0
S50,50,constant,312,1
S50,50,constant,313,0
S50,50,constant,314,0
S50,50,constant,315,0
S50,50,constant,316,0
S50,50,constant,317,0
S50,50,constant,318,0
S50,50,constant,319,0
S50,50,constant,320,0
S50,50,constant,321,0
S50,50,constant,322,0
S50,50,constant,323,0
S50,50,constant,324,0
S50,50,constant,325,0
S50,50,constant,326,0
S50,50,constant,327,0
S50,50,constant,328,0
S50,50,constant,329,0
S50,50,constant,330,0
S50,50,constant,331,0
S50,50,constant,332,0
S50,50,constant,333,0
S50,50,constant,334,0
S50,50,constant,335,0
S50,50,constant,336,0
S50,50,constant,337,0
S50,50,constant,338,0
S50,50,constant,339,0
S50,50,constant,340,1
S50,50,constant,341,0
S50,50,constant,342,0
S50,50,constant,343,0
S50,50,constant,344,0
S50,50,constant,345,0
S50,50,constant,346,0
S50,50,constant,347,0
S50,50,constant,348,0
S50,50,constant,349,0
S50,50,constant,350,0
S50,50,constant,351,0
S50,50,constant,352,0
S50,50,constant,353,0
S50,50,constant,354,0
S50,50,constant,355,0
S50,50,constant,356,0
S50,50,constant,357,0
S50,50,constant,358,0
S50,50,constant,359,0
S50,50,constant,360,0
S50,50,constant,361,0
S50,50,constant,362,0
S50,50,constant,363,0
S50,50,constant,364,0
S50,50,constant,365,0
S50,50,constant,366,0
S50,50,constant,367,0
S50,50,constant,368,1
S50,50,constant,369,0
S50,50,constant,370,0
S50,50,constant,371,0
S50,50,constant,372,0
S50,50,constant,373,0
S50,50,constant,374,0
S50,50,constant,375,0
S50,50,constant,376,0
S50,50,constant,377,0
S50,50,constant,378,0
S50,50,constant,379,0
S50,50,constant,380,0
S50,50,constant,381,0
S50,50,constant,382,0
S50,50,constant,383,0
S50,50,constant,384,0
S50,50,constant,385,0
S50,50,constant,386,0
S50,50,constant,387,0
S50,50,constant,388,0
S50,50,constant,389,0
S50,50,constant,390,0
S50,50,constant,391,0
S50,50,constant,392,0
S50,50,constant,393,0
S50,50,constant,394,0
S50,50,constant,395,1.0000000000291038
S50,50,constant,396,0
S50,50,constant,397,0
S50,50,constant,398,0
S50,50,constant,399,0
S50,50,constant,400,0
S50,50,constant,401,0
S50,50,constant,402,0
S50,50,constant,403,0
S50,50,constant,404,0
S50,50,constant,405,0
S50,50,constant,406,0
S50,50,constant,407,0
S50,50,constant,408,0
S50,50,constant,409,0
S50,50,constant,410,0
S50,50,constant,411,0
S50,50,constant,412,0
S50,50,constant,413,0
S50,50,constant,414,0
S50,50,constant,415,0
S50,50,constant,416,0
S50,50,constant,417,0
S50,50,constant,418,0
S50,50,constant,419,0
S50,50,constant,420,0
S50,50,constant,421,0
S50,50,constant,422,0
S50,50,constant,423,0.9999999999708962
S50,50,constant,424,0
S50,50,constant,425,0
S50,50,constant,426,0
S50,50,constant,427,0
S50,50,constant,428,0
S50,50,constant,429,0
S50,50,constant,430,0
S50,50,constant,431,0
S50,50,constant,432,0
S50,50,constant,433,0
S50,50,constant,434,0
S50,50,constant,435,0
S50,50,constant,436,0
S50,50,constant,437,0
S50,50,constant,438,0
S50,50,constant,439,0
S50,50,constant,440,0
S50,50,constant,441,0
S50,50,constant,442,0
S50,50,constant,443,0
S50,50,constant,444,0
S50,50,constant,445,0
S50,50,constant,446,0
S50,50,constant,447,0
S50,50,constant,448,0
S50,50,constant,449,0
S50,50,constant,450,0
S50,50,constant,451,1
S50,50,constant,452,0
S50,50,constant,453,0
S50,50,constant,454,0
S50,50,constant,455,0
S50,50,constant,456,0
S50,50,constant,457,0
S50,50,constant,458,0
S50,50,constant,459,0
S50,50,constant,460,0
S50,50,constant,461,0
S50,50,constant,462,0
S50,50,constant,463,0
S50,50,constant,464,0
S50,50,constant,465,0
S50,50,constant,466,0
S50,50,constant,467,0
S50,50,constant,468,0
S50,50,constant,469,0
S50,50,constant,470,0
S50,50,constant,471,0
S50,50,constant,472,0
S50,50,constant,473,0
S50,50,constant,474,0
S50,50,constant,475,0
S50,50,constant,476,0
S50,50,constant,477,0
S50,50,constant,478,1
S50,50,constant,479,0
S50,50,constant,480,0
S50,50,constant,481,0
S50,50,constant,482,0
S50,50,constant,483,0
S50,50,constant,484,0
S50,50,constant,485,0
S50,50,constant,486,0
S50,50,constant,487,0
S50,50,constant,488,0
S50,50,constant,489,0
S50,50,constant,490,0
S50,50,constant,491,0
S50,50,constant,492,0
S50,50,constant,493,0
S50,50,constant,494,0
S50,50,constant,495,0
S50,50,constant,496,0
S50,50,constant,497,0
S50,50,constant,498,0
S50,50,constant,499,0
S50,50,constant,500,0
S50,50,constant,501,0
S50,50,constant,502,0
S50,50,constant,503,0
S50,50,constant,504,0
S50,50,constant,505,0
S50,50,constant,506,1
S50,50,constant,507,0
S50,50,constant,508,0
S50,50,constant,509,0
S50,50,constant,510,0
S50,50,constant,511,0
S50,50,constant,512,0
S50,50,constant,513,0
S50,50,constant,514,0
S50,50,constant,515,0
S50,50,constant,516,0
S50,50,constant,517,0
S50,50,constant,518,0
S50,50,constant,519,0
S50,50,constant,520,0
S50,50,constant,521,0
S50,50,constant,522,0
S50,50,constant,523,0
S50,50,constant,524,0
S50,50,constant,525,0
S50,50,constant,526,0
S50,50,constant,527,0
S50,50,constant,528,0
S50,50,constant,529,0
S50,50,constant,530,0
S50,50,constant,531,0
S50,50,constant,532,0
S50,50,constant,533,0
S50,50,constant,534,1
S50,50,constant,535,0
S50,50,constant,536,0
S50,50,constant,537,0
S50,50,constant,538,0
S50,50,constant,539,0
S50,50,constant,540,0
S50,50,constant,541,0
S50,50,constant,542,0
S50,50,constant,543,0
S50,50,constant,544,0
S50,50,constant,545,0
S50,50,constant,546,0
S50,50,constant,547,0
S50,50,constant,548,0
S50,50,constant,549,0
S50,50,constant,550,0
S50,50,constant,551,0
S50,50,constant,552,0
S50,50,constant,553,0
S50,50,constant,554,0
S50,50,constant,555,0
S50,50,constant,556,0
S50,50,constant,557,0
S50,50,constant,558,0
S50,50,constant,559,0
S50,50,constant,560,0
S50,50,constant,561,1.0000000000291038
S50,50,constant,562,0
S50,50,constant,563,0
S50,50,constant,564,0
S50,50,constant,565,0
S50,50,constant,566,0
S50,50,constant,567,0
S50,50,constant,568,0
S50,50,constant,569,0
S50,50,constant,570,0
S50,50,constant,571,0
S50,50,constant,572,0
S50,50,constant,573,0
S50,50,constant,574,0
S50,50,constant,575,0
S50,50,constant,576,0
S50,50,constant,577,0
S50,50,constant,578,0
S50,50,constant,579,0
S50,50,constant,580,0
S50,50,constant,581,0
S50,50,constant,582,0
S50,50,constant,583,0
S50,50,constant,584,0
S50,50,constant,585,0
S50,50,constant,586,0
S50,50,constant,587,0
S50,50,constant,588,0
S50,50,constant,589,0.9999999999708962
S50,50,constant,590,0
S50,50,constant,591,0
S50,50,constant,592,0
S50,50,constant,593,0
S50,50,constant,594,0
S50,50,constant,595,0
S50,50,constant,596,0
S50,50,constant,597,0
S50,50,constant,598,0
S50,50,constant,599,0
S75,75,naive,0,0
S75,75,naive,1,0
S75,75,naive,2,0
S75,75,naive,3,1
S75,75,naive,4,0
S75,75,naive,5,0
S75,75,naive,6,0
S75,75,naive,7,0
S75,75,naive,8,0
S75,75,naive,9,0
S75,75,naive,10,0
S75,75,naive,11,0
S75,75,naive,12,0
S75,75,naive,13,0
S75,75,naive,14,0
S75,75,naive,15,0
S75,75,naive,16,0
S75,75,naive,17,0
S75,75,naive,18,0
S75,75,naive,19,0
S75,75,naive,20,0
S75,75,naive,21,0
S75,75,naive,22,0
S75,75,naive,23,0
S75,75,naive,24,0
S75,75,naive,25,0
S75,75,naive,26,0
S75,75,naive,27,1
S75,75,naive,28,0
S75,75,naive,29,0
S75,75,naive,30,0
S75,75,naive,31,0
S75,75,naive,32,0
S75,75,naive,33,0
S75,75,naive,34,0
S75,75,naive,35,0
S75,75,naive,36,0
S75,75,naive,37,0
S75,75,naive,38,0
S75,75,naive,39,0
S75,75,naive,40,0
S75,75,naive,41,0
S75,75,naive,42,0
S75,75,naive,43,0
S75,75,naive,44,0
S75,75,naive,45,0
S75,75,naive,46,0
S75,75,naive,47,0
S75,75,naive,48,0
S75,75,naive,49,0
S75,75,naive,50,1
S75,75,naive,51,0
S75,75,naive,52,0
S75,75,naive,53,0
S75,75,naive,54,0
S75,75,naive,55,0
S75,75,naive,56,0
S75,75,naive,57,0
S75,75,naive,58,0
S75,75,naive,59,0
S75,75,naive,60,0
S75,75,naive,61,0
S75,75,naive,62,0
S75,75,naive,63,0
S75,75,naive,64,0
S75,75,naive,65,0
S75,75,naive,66,0
S75,75,naive,67,0
S75,75,naive,68,0
S75,75,naive,69,0
S75,75,naive,70,0
S75,75,naive,71,0
S75,75,naive,72,0
S75,75,naive,73,0
S75,75,naive,74,1.0000000000291038
S75,75,naive,75,0
S75,75,naive,76,0
S75,75,naive,77,0
S75,75,naive,78,0
S75,75,naive,79,0
S75,75,naive,80,0
S75,75,naive,81,0
S75,75,naive,82,0
S75,75,naive,83,0
S75,75,naive,84,0
S75,75,naive,85,0
S75,75,naive,86,0
S75,75,naive,87,0
S75,75,naive,88,0
S75,75,naive,89,0
S75,75,naive,90,0
S75,75,naive,91,0
S75,75,naive,92,0
S75,75,naive,93,0
S75,75,naive,94,0
S75,75,naive,95,0
S75,75,naive,96,0
S75,75,naive,97,0
S75,75,naive,98,0.9999999999708962
S75,75,naive,99,0
S75,75,naive,100,0
S75,75,naive,101,0
S75,75,naive,102,0
S75,75,naive,103,0
S75,75,naive,104,0
S75,75,naive,105,0
S75,75,naive,106,0
S75,75,naive,107,0
S75,75,naive,108,0
S75,75,naive,109,0
S75,75,naive,110,0
S75,75,naive,111,0
S75,75,naive,112,0
S75,75,naive,113,0
S75,75,naive,114,0
S75,75,naive,115,0
S75,75,naive,116,0
S75,75,naive,117,0
S75,75,naive,118,0
S75,75,naive,119,0
S75,75,naive,120,0
S75,75,naive,121,0
S75,75,naive,122,1
S75,75,naive,123,0
S75,75,naive,124,0
S75,75,naive,125,0
S75,75,naive,126,0
S75,75,naive,127,0
S75,75,naive,128,0
S75,75,naive,129,0
S75,75,naive,130,0
S75,75,naive,131,0
S75,75,naive,132,0
S75,75,naive,133,0
S75,75,naive,134,0
S75,75,naive,135,0
S75,75,naive,136,0
S75,75,naive,137,0
S75,75,naive,138,0
S75,75,naive,139,0
S75,75,naive,140,0
S75,75,naive,141,0
S75,75,naive,142,0
S75,75,naive,143,0
S75,75,naive,144,0
S75,75,naive,145,0
S75,75,naive,146,1
S75,75,naive,147,0
S75,75,naive,148,0
S75,75,naive,149,0
S75,75,naive,150,0
S75,75,naive,151,0
S75,75,naive,152,0
S75,75,naive,153,0
S75,75,naive,154,0
S75,75,naive,155,0
S75,75,naive,156,0
S75,75,naive,157,0
S75,75,naive,158,0
S75,75,naive,159,0
S75,75,naive,160,0
S75,75,naive,161,0
S75,75,naive,162,0
S75,75,naive,163,0
S75,75,naive,164,0
S75,75,naive,165,0
S75,75,naive,166,0
S75,75,naive,167,0
S75,75,naive,168,0
S75,75,naive,169,0
S75,75,naive,170,1
S75,75,naive,171,0
S75,75,naive,172,0
S75,75,naive,173,0
S75,75,naive,174,0
S75,75,naive,175,0
S75,75,naive,176,0
S75,75,naive,177,0
S75,75,naive,178,0
S75,75,naive,179,0
S75,75,naive,180,0
S75,75,naive,181,0
S75,75,naive,182,0
S75,75,naive,183,0
S75,75,naive,184,0
S75,75,naive,185,0
S75,75,naive,186,0
S75,75,naive,187,0
S75,75,naive,188,0
S75,75,naive,189,0
S75,75,naive,190,0
S75,75,naive,191,0
S75,75,naive,192,0
S75,75,naive,193,0
S75,75,naive,194,1
S75,75,naive,195,0
S75,75,naive,196,0
S75,75,naive,197,0
S75,75,naive,198,0
S75,75,naive,199,0
S75,75,naive,200,0
S75,75,naive,201,0
S75,75,naive,202,0
S75,75,naive,203,0
S75,75,naive,204,0
S75,75,naive,205,0
S75,75,naive,206,0
S75,75,naive,207,0
S75,75,naive,208,0
S75,75,naive,209,0
S75,75,naive,210,0
S75,75,naive,211,0
S75,75,naive,212,0
S75,75,naive,213,0
S75,75,naive,214,1.0000000000291038
S75,75,naive,215,0
S75,75,naive,216,0
S75,75,naive,217,0
S75,75,naive,218,0
S75,75,naive,219,0
S75,75,naive,220,0
S75,75,naive,221,0
S75,75,naive,222,0
S75,75,naive,223,0
S75,75,naive,224,0
S75,75,naive,225,0
S75,75,naive,226,0
S75,75,naive,227,0
S75,75,naive,228,0
S75,75,naive,229,0
S75,75,naive,230,0
S75,75,naive,231,0
S75,75,naive,232,0
S75,75,naive,233,0
S75,75,naive,234,0
S75,75,naive,235,0
S75,75,naive,236,0
S75,75,naive,237,0.9999999999708962
S75,75,naive,238,0
S75,75,naive,239,0
S75,75,naive,240,0
S75,75,naive,241,0
S75,75,naive,242,0
S75,75,naive,243,0
S75,75,naive,244,0
S75,75,naive,245,0
S75,75,naive,246,0
S75,75,naive,247,0
S75,75,naive,248,0
S75,75,naive,249,0
S75,75,naive,250,0
S75,75,naive,251,0
S75,75,naive,252,0
S75,75,naive,253,0
S75,75,naive,254,0
S75,75,naive,255,0
S75,75,naive,256,0
S75,75,naive,257,0
S75,75,naive,258,0
S75,75,naive,259,0
S75,75,naive,260,0
S75,75,naive,261,1
S75,75,naive,262,0
S75,75,naive,263,0
S75,75,naive,264,0
S75,75,naive,265,0
S75,75,naive,266,0
S75,75,naive,267,0
S75,75,naive,268,0
S75,75,naive,269,0
S75,75,naive,270,0
S75,75,naive,271,0
S75,75,naive,272,0
S75,75,naive,273,0
S75,75,naive,274,0
S75,75,naive,275,0
S75,75,naive,276,0
S75,75,naive,277,0
S75,75,naive,278,0
S75,75,naive,279,0
S75,75,naive,280,0
S75,75,naive,281,0
S75,75,naive,282,0
S75,75,naive,283,0
S75,75,naive,284,1
S75,75,naive,285,0
S75,75,naive,286,0
S75,75,naive,287,0
S75,75,naive,288,0
S75,75,naive,289,0
S75,75,naive,290,0
S75,75,naive,291,0
S75,75,naive,292,0
S75,75,naive,293,0
S75,75,naive,294,0
S75,75,naive,295,0
S75,75,naive,296,0
S75,75,naive,297,0
S75,75,naive,298,0
S75,75,naive,299,0
S75,75,naive,300,0
S75,75,naive,301,0
S75,75,naive,302,0
S75,75,naive,303,0
S75,75,naive,304,0
S75,75,naive,305,0
S75,75,naive,306,0
S75,75,naive,307,1
S75,75,naive,308,0
S75,75,naive,309,0
S75,75,naive,310,0
S75,75,naive,311,0
S75,75,naive,312,0
S75,75,naive,313,0
S75,75,naive,314,0
S75,75,naive,315,0
S75,75,naive,316,0
S75,75,naive,317,0
S75,75,naive,318,0
S75,75,naive,319,0
S75,75,naive,320,0
S75,75,naive,321,0
S75,75,naive,322,0
S75,75,naive,323,0
S75,75,naive,324,0
S75,75,naive,325,0
S75,75,naive,326,0
S75,75,naive,327,0
S75,75,naive,328,0
S75,75,naive,329,0
S75,75,naive,330,0
S75,75,naive,331,1
S75,75,naive,332,0
S75,75,naive,333,0
S75,75,naive,334,0
S75,75,naive,335,0
S75,75,naive,336,0
S75,75,naive,337,0
S75,75,naive,338,0
S75,75,naive,339,0
S75,75,naive,340,0
S75,75,naive,341,0
S75,75,naive,342,0
S75,75,naive,343,0
S75,75,naive,344,0
S75,75,naive,345,0
S75,75,naive,346,0
S75,75,naive,347,0
S75,75,naive,348,0
S75,75,naive,349,0
S75,75,naive,350,0
S75,75,naive,351,0
S75,75,naive,352,0
S75,75,naive,353,0
S75,75,naive,354,0
S75,75,naive,355,0
S75,75,naive,356,0
S75,75,naive,357,1.0000000000291038
S75,75,naive,358,0
S75,75,naive,359,0
S75,75,naive,360,0
S75,75,naive,361,0
S75,75,naive,362,0
S75,75,naive,363,0
S75,75,naive,364,0
S75,75,naive,365,0
S75,75,naive,366,0
S75,75,naive,367,0
S75,75,naive,368,0
S75,75,naive,369,0
S75,75,naive,370,0
S75,75,naive,371,0
S75,75,naive,372,0
S75,75,naive,373,0
S75,75,naive,374,0
S75,75,naive,375,0
S75,75,naive,376,0
S75,75,naive,377,0
S75,75,naive,378,0
S75,75,naive,379,0
S75,75,naive,380,0
S75,75,naive,381,0.9999999999708962
S75,75,naive,382,0
S75,75,naive,383,0
S75,75,naive,384,0
S75,75,naive,385,0
S75,75,naive,386,0
S75,75,naive,387,0
S75,75,naive,388,0
S75,75,naive,389,0
S75,75,naive,390,0
S75,75,naive,391,0
S75,75,naive,392,0
S75,75,naive,393,0
S75,75,naive,394,0
S75,75,naive,395,0
S75,75,naive,396,0
S75,75,naive,397,0
S75,75,naive,398,0
S75,75,naive,399,0
S75,75,naive,400,0
S75,75,naive,401,0
S75,75,naive,402,0
S75,75,naive,403,0
S75,75,naive,404,0
S75,75,naive,405,1
S75,75,naive,406,0
S75,75,naive,407,0
S75,75,naive,408,0
S75,75,naive,409,0
S75,75,naive,410,0
S75,75,naive,411,0
S75,75,naive,412,0
S75,75,naive,413,0
S75,75,naive,414,0
S75,75,naive,415,0
S75,75,naive,416,0
S75,75,naive,417,0
S75,75,naive,418,0
S75,75,naive,419,0
S75,75,naive,420,0
S75,75,naive,421,0
S75,75,naive,422,0
S75,75,naive,423,0
S75,75,naive,424,0
S75,75,naive,425,0
S75,75,naive,426,0
S75,75,naive,427,0
S75,75,naive,428,0
S75,75,naive,429,0
S75,75,naive,430,1
S75,75,naive,431,0
S75,75,naive,432,0
S75,75,naive,433,0
S75,75,naive,434,0
S75,75,naive,435,0
S75,75,naive,436,0
S75,75,naive,437,0
S75,75,naive,438,0
S75,75,naive,439,0
S75,75,naive,440,0
S75,75,naive,441,0
S75,75,naive,442,0
S75,75,naive,443,0
S75,75,naive,444,0
S75,75,naive,445,0
S75,75,naive,446,0
S75,75,naive,447,0
S75,75,naive,448,0
S75,75,naive,449,0
S75,75,naive,450,0
S75,75,naive,451,0
S75,75,naive,452,0
S75,75,naive,453,0
S75,75,naive,454,1
S75,75,naive,455,0
S75,75,naive,456,0
S75,75,naive,457,0
S75,75,naive,458,0
S75,75,naive,459,0
S75,75,naive,460,0
S75,75,naive,461,0
S75,75,naive,462,0
S75,75,naive,463,0
S75,75,naive,464,0
S75,75,naive,465,0
S75,75,naive,466,0
S75,75,naive,467,0
S75,75,naive,468,0
S75,75,naive,469,0
S75,75,naive,470,0
S75,75,naive,471,0
S75,75,naive,472,0
S75,75,naive,473,0
S75,75,naive,474,0
S75,75,naive,475,0
S75,75,naive,476,0
S75,75,naive,477,0
S75,75,naive,478,0
S75,75,naive,479,1
S75,75,naive,480,0
S75,75,naive,481,0
S75,75,naive,482,0
S75,75,naive,483,0
S75,75,naive,484,0
S75,75,naive,485,0
S75,75,naive,486,0
S75,75,naive,487,0
S75,75,naive,488,0
S75,75,naive,489,0
S75,75,naive,490,0
S75,75,naive,491,0
S75,75,naive,492,0
S75,75,naive,493,0
S75,75,naive,494,0
S75,75,naive,495,0
S75,75,naive,496,0
S75,75,naive,497,0
S75,75,naive,498,0
S75,75,naive,499,0
S75,75,naive,500,0
S75,75,naive,501,0
S75,75,naive,502,0
S75,75,naive,503,0
S75,75,naive,504,1.0000000000291038
S75,75,naive,505,0
S75,75,naive,506,0
S75,75,naive,507,0
S75,75,naive,508,0
S75,75,naive,509,0
S75,75,naive,510,0
S75,75,naive,511,0
S75,75,naive,512,0
S75,75,naive,513,0
S75,75,naive,514,0
S75,75,naive,515,0
S75,75,naive,516,0
S75,75,naive,517,0
S75,75,naive,518,0
S75,75,naive,519,0
S75,75,naive,520,0
S75,75,naive,521,0
S75,75,naive,522,0
S75,75,naive,523,0
S75,75,naive,524,0
S75,75,naive,525,0
S75,75,naive,526,0
S75,75,naive,527,0.9999999999708962
S75,75,naive,528,0
S75,75,naive,529,0
S75,75,naive,530,0
S75,75,naive,531,0
S75,75,naive,532,0
S75,75,naive,533,0
S75,75,naive,534,0
S75,75,naive,535,0
S75,75,naive,536,0
S75,75,naive,537,0
S75,75,naive,538,0
S75,75,naive,539,0
S75,75,naive,540,0
S75,75,naive,541,0
S75,75,naive,542,0
S75,75,naive,543,0
S75,75,naive,544,0
S75,75,naive,545,0
S75,75,naive,546,0
S75,75,naive,547,0
S75,75,naive,548,0
S75,75,naive,549,0
S75,75,naive,550,0
S75,75,naive,551,0
S75,75,naive,552,1
S75,75,naive,553,0
S75,75,naive,554,0
S75,75,naive,555,0
S75,75,naive,556,0
S75,75,naive,557,0
S75,75,naive,558,0
S75,75,naive,559,0
S75,75,naive,560,0
S75,75,naive,561,0
S75,75,naive,562,0
S75,75,naive,563,0
S75,75,naive,564,0
S75,75,naive,565,0
S75,75,naive,566,0
S75,75,naive,567,0
S75,75,naive,568,0
S75,75,naive,569,0
S75,75,naive,570,0
S75,75,naive,571,0
S75,75,naive,572,0
S75,75,naive,573,0
S75,75,naive,574,0
S75,75,naive,575,0
S75,75,naive,576,0
S75,75,naive,577,1
S75,75,naive,578,0
S75,75,naive,579,0
S75,75,naive,580,0
S75,75,naive,581,0
S75,75,naive,582,0
S75,75,naive,583,0
S75,75,naive,584,0
S75,75,naive,585,0
S75,75,naive,586,0
S75,75,naive,587,0
S75,75,naive,588,0
S75,75,naive,589,0
S75,75,naive,590,0
S75,75,naive,591,0
S75,75,naive,592,0
S75,75,naive,593,0
S75,75,naive,594,0
S75,75,naive,595,0
S75,75,naive,596,0
S75,75,naive,597,0
S75,75,naive,598,0
S75,75,naive,599,0
S75,75,constant,0,0
S75,75,constant,1,0
S75,75,constant,2,0
S75,75,constant,3,0
S75,75,constant,4,0
S75,75,constant,5,0
S75,75,constant,6,0
S75,75,constant,7,0
S75,75,constant,8,0
S75,75,constant,9,0
S75,75,constant,10,0
S75,75,constant,11,0
S75,75,constant,12,0
S75,75,constant,13,0
S75,75,constant,14,0
S75,75,constant,15,0
S75,75,constant,16,0
S75,75,constant,17,0
S75,75,constant,18,1.0000000000291038
S75,75,constant,19,0
S75,75,constant,20,0
S75,75,constant,21,0
S75,75,constant,22,0
S75,75,constant,23,0
S75,75,constant,24,0
S75,75,constant,25,0
S75,75,constant,26,0
S75,75,constant,27,0
S75,75,constant,28,0
S75,75,constant,29,0
S75,75,constant,30,0
S75,75,constant,31,0
S75,75,constant,32,0
S75,75,constant,33,0
S75,75,constant,34,0
S75,75,constant,35,0
S75,75,constant,36,0
S75,75,constant,37,0
S75,75,constant,38,0
S75,75,constant,39,0
S75,75,constant,40,0
S75,75,constant,41,0
S75,75,constant,42,0
S75,75,constant,43,0
S75,75,constant,44,0.9999999999708962
S75,75,constant,45,0
S75,75,constant,46,0
S75,75,constant,47,0
S75,75,constant,48,0
S75,75,constant,49,0
S75,75,constant,50,0
S75,75,constant,51,0
S75,75,constant,52,0
S75,75,constant,53,0
S75,75,constant,54,0
S75,75,constant,55,0
S75,75,constant,56,0
S75,75,constant,57,0
S75,75,constant,58,0
S75,75,constant,59,0
S75,75,constant,60,0
S75,75,constant,61,0
S75,75,constant,62,0
S75,75,constant,63,0
S75,75,constant,64,0
S75,75,constant,65,0
S75,75,constant,66,0
S75,75,constant,67,0
S75,75,constant,68,0
S75,75,constant,69,0
S75,75,constant,70,0
S75,75,constant,71,1
S75,75,constant,72,0
S75,75,constant,73,0
S75,75,constant,74,0
S75,75,constant,75,0
S75,75,constant,76,0
S75,75,constant,77,0
S75,75,constant,78,0
S75,75,constant,79,0
S75,75,constant,80,0
S75,75,constant,81,0
S75,75,constant,82,0
S75,75,constant,83,0
S75,75,constant,84,0
S75,75,constant,85,0
S75,75,constant,86,0
S75,75,constant,87,0
S75,75,constant,88,0
S75,75,constant,89,0
S75,75,constant,90,0
S75,75,constant,91,0
S75,75,constant,92,0
S75,75,constant,93,0
S75,75,constant,94,0
S75,75,constant,95,0
S75,75,constant,96,0
S75,75,constant,97,1
S75,75,constant,98,0
S75,75,constant,99,0
S75,75,constant,100,0
S75,75,constant,101,0
S75,75,constant,102,0
S75,75,constant,103,0
S75,75,constant,104,0
S75,75,constant,105,0
S75,75,constant,106,0
S75,75,constant,107,0
S75,75,constant,108,0
S75,75,constant,109,0
S75,75,constant,110,0
S75,75,constant,111,0
S75,75,constant,112,0
S75,75,constant,113,0
S75,75,constant,114,0
S75,75,constant,115,0
S75,75,constant,116,0
S75,75,constant,117,0
S75,75,constant,118,0
S75,75,constant,119,0
S75,75,constant,120,0
S75,75,constant,121,0
S75,75,constant,122,1
S75,75,constant,123,0
S75,75,constant,124,0
S75,75,constant,125,0
S75,75,constant,126,0
S75,75,constant,127,0
S75,75,constant,128,0
S75,75,constant,129,0
S75,75,constant,130,0
S75,75,constant,131,0
S75,75,constant,132,0
S75,75,constant,133,0
S75,75,constant,134,0
S75,75,constant,135,0
S75,75,constant,136,0
S75,75,constant,137,0
S75,75,constant,138,0
S75,75,constant,139,0
S75,75,constant,140,0
S75,75,constant,141,0
S75,75,constant,142,0
S75,75,constant,143,0
S75,75,constant,144,0
S75,75,constant,145,0
S75,75,constant,146,0
S75,75,constant,147,0
S75,75,constant,148,1
S75,75,constant,149,0
S75,75,constant,150,0
S75,75,constant,151,0
S75,75,constant,152,0
S75,75,constant,153,0
S75,75,constant,154,0
S75,75,constant,155,0
S75,75,constant,156,0
S75,75,constant,157,0
S75,75,constant,158,0
S75,75,constant,159,0
S75,75,constant,160,0
S75,75,constant,161,0
S75,75,constant,162,0
S75,75,constant,163,0
S75,75,constant,164,0
S75,75,constant,165,0
S75,75,constant,166,0
S75,75,constant,167,0
S75,75,constant,168,0
S75,75,constant,169,0
S75,75,constant,170,0
S75,75,constant,171,0
S75,75,constant,172,0
S75,75,constant,173,0
S75,75,constant,174,1.0000000000291038
S75,75,constant,175,0
S75,75,constant,176,0
S75,75,constant,177,0
S75,75,constant,178,0
S75,75,constant,179,0
S75,75,constant,180,0
S75,75,constant,181,0
S75,75,constant,182,0
S75,75,constant,183,0
S75,75,constant,184,0
S75,75,constant,185,0
S75,75,constant,186,0
S75,75,constant,187,0
S75,75,constant,188,0
S75,75,constant,189,0
S75,75,constant,190,0
S75,75,constant,191,0
S75,75,constant,192,0
S75,75,constant,193,0
S75,75,constant,194,0
S75,75,constant,195,0
S75,75,constant,196,0
S75,75,constant,197,0
S75,75,constant,198,0
S75,75,constant,199,0.9999999999708962
S75,75,constant,200,0
S75,75,constant,201,0
S75,75,constant,202,0
S75,75,constant,203,0
S75,75,constant,204,0
S75,75,constant,205,0
S75,75,constant,206,0
S75,75,constant,207,0
S75,75,constant,208,0
S75,75,constant,209,0
S75,75,constant,210,0
S75,75,constant,211,0
S75,75,constant,212,0
S75,75,constant,213,0
S75,75,constant,214,0
S75,75,constant,215,0
S75,75,constant,216,0
S75,75,constant,217,0
S75,75,constant,218,0
S75,75,constant,219,0
S75,75,constant,220,0
S75,75,constant,221,0
S75,75,constant,222,0
S75,75,constant,223,0
S75,75,constant,224,0
S75,75,constant,225,1
S75,75,constant,226,0
S75,75,constant,227,0
S75,75,constant,228,0
S75,75,constant,229,0
S75,75,constant,230,0
S75,75,constant,231,0
S75,75,constant,232,0
S75,75,constant,233,0
S75,75,constant,234,0
S75,75,constant,235,0
S75,75,constant,236,0
S75,75,constant,237,0
S75,75,constant,238,0
S75,75,constant,239,0
S75,75,constant,240,0
S75,75,constant,241,0
S75,75,constant,242,0
S75,75,constant,243,0
S75,75,constant,244,0
S75,75,constant,245,0
S75,75,constant,246,0
S75,75,constant,247,0
S75,75,constant,248,0
S75,75,constant,249,0
S75,75,constant,250,1
S75,75,constant,251,0
S75,75,constant,252,0
S75,75,constant,253,0
S75,75,constant,254,0
S75,75,constant,255,0
S75,75,constant,256,0
S75,75,constant,257,0
S75,75,constant,258,0
S75,75,constant,259,0
S75,75,constant,260,0
S75,75,constant,261,0
S75,75,constant,262,0
S75,75,constant,263,0
S75,75,constant,264,0
S75,75,constant,265,0
S75,75,constant,266,0
S75,75,constant,267,0
S75,75,constant,268,0
S75,75,constant,269,0
S75,75,constant,270,0
S75,75,constant,271,0
S75,75,constant,272,0
S75,75,constant,273,0
S75,75,constant,274,0
S75,75,constant,275,0
S75,75,constant,276,1
S75,75,constant,277,0
S75,75,constant,278,0
S75,75,constant,279,0
S75,75,constant,280,0
S75,75,constant,281,0
S75,75,constant,282,0
S75,75,constant,283,0
S75,75,constant,284,0
S75,75,constant,285,0
S75,75,constant,286,0
S75,75,constant,287,0
S75,75,constant,288,0
S75,75,constant,289,0
S75,75,constant,290,0
S75,75,constant,291,0
S75,75,constant,292,0
S75,75,constant,293,0
S75,75,constant,294,0
S75,75,constant,295,0
S75,75,constant,296,0
S75,75,constant,297,0
S75,75,constant,298,0
S75,75,constant,299,0
S75,75,constant,300,0
S75,75,constant,301,1
S75,75,constant,302,0
S75,75,constant,303,0
S75,75,constant,304,0
S75,75,constant,305,0
S75,75,constant,306,0
S75,75,constant,307,0
S75,75,constant,308,0
S75,75,constant,309,0
S75,75,constant,310,0
S75,75,constant,311,0
S75,75,constant,312,0
S75,75,constant,313,0
S75,75,constant,314,0
S75,75,constant,315,0
S75,75,constant,316,0
S75,75,constant,317,0
S75,75,constant,318,0
S75,75,constant,319,0
S75,75,constant,320,0
S75,75,constant,321,0
S75,75,constant,322,0
S75,75,constant,323,0
S75,75,constant,324,0
S75,75,constant,325,0
S75,75,constant,326,0
S75,75,constant,327,1.0000000000291038
S75,75,constant,328,0
S75,75,constant,329,0
S75,75,constant,330,0
S75,75,constant,331,0
S75,75,constant,332,0
S75,75,constant,333,0
S75,75,constant,334,0
S75,75,constant,335,0
S75,75,constant,336,0
S75,75,constant,337,0
S75,75,constant,338,0
S75,75,constant,339,0
S75,75,constant,340,0
S75,75,constant,341,0
S75,75,constant,342,0
S75,75,constant,343,0
S75,75,constant,344,0
S75,75,constant,345,0
S75,75,constant,346,0
S75,75,constant,347,0
S75,75,constant,348,0
S75,75,constant,349,0
S75,75,constant,350,0
S75,75,constant,351,0
S75,75,constant,352,0
S75,75,constant,353,0
S75,75,constant,354,0.9999999999708962
S75,75,constant,355,0
S75,75,constant,356,0
S75,75,constant,357,0
S75,75,constant,358,0
S75,75,constant,359,0
S75,75,constant,360,0
S75,75,constant,361,0
S75,75,constant,362,0
S75,75,constant,363,0
S75,75,constant,364,0
S75,75,constant,365,0
S75,75,constant,366,0
S75,75,constant,367,0
S75,75,constant,368,0
S75,75,constant,369,0
S75,75,constant,370,0
S75,75,constant,371,0
S75,75,constant,372,0
S75,75,constant,373,0
S75,75,constant,374,0
S75,75,constant,375,0
S75,75,constant,376,0
S75,75,constant,377,0
S75,75,constant,378,0
S75,75,constant,379,0
S75,75,constant,380,0
S75,75,constant,381,1
S75,75,constant,382,0
S75,75,constant,383,0
S75,75,constant,384,0
S75,75,constant,385,0
S75,75,constant,386,0
S75,75,constant,387,0
S75,75,constant,388,0
S75,75,constant,389,0
S75,75,constant,390,0
S75,75,constant,391,0
S75,75,constant,392,0
S75,75,constant,393,0
S75,75,constant,394,0
S75,75,constant,395,0
S75,75,constant,396,0
S75,75,constant,397,0
S75,75,constant,398,0
S75,75,constant,399,0
S75,75,constant,400,0
S75,75,constant,401,0
S75,75,constant,402,0
S75,75,constant,403,0
S75,75,constant,404,0
S75,75,constant,405,0
S75,75,constant,406,0
S75,75,constant,407,0
S75,75,constant,408,1
S75,75,constant,409,0
S75,75,constant,410,0
S75,75,constant,411,0
S75,75,constant,412,0
S75,75,constant,413,0
S75,75,constant,414,0
S75,75,constant,415,0
S75,75,constant,416,0
S75,75,constant,417,0
S75,75,constant,418,0
S75,75,constant,419,0
S75,75,constant,420,0
S75,75,constant,421,0
S75,75,constant,422,0
S75,75,constant,423,0
S75,75,constant,424,0
S75,75,constant,425,0
S75,75,constant,426,0
S75,75,constant,427,0
S75,75,constant,428,0
S75,75,constant,429,0
S75,75,constant,430,0
S75,75,constant,431,0
S75,75,constant,432,0
S75,75,constant,433,0
S75,75,constant,434,0
S75,75,constant,435,1
S75,75,constant,436,0
S75,75,constant,437,0
S75,75,constant,438,0
S75,75,constant,439,0
S75,75,constant,440,0
S75,75,constant,441,0
S75,75,constant,442,0
S75,75,constant,443,0
S75,75,constant,444,0
S75,75,constant,445,0
S75,75,constant,446,0
S75,75,constant,447,0
S75,75,constant,448,0
S75,75,constant,449,0
S75,75,constant,450,0
S75,75,constant,451,0
S75,75,constant,452,0
S75,75,constant,453,0
S75,75,constant,454,0
S75,75,constant,455,0
S75,75,constant,456,0
S75,75,constant,457,0
S75,75,constant,458,0
S75,75,constant,459,0
S75,75,constant,460,0
S75,75,constant,461,0
S75,75,constant,462,1
S75,75,constant,463,0
S75,75,constant,464,0
S75,75,constant,465,0
S75,75,constant,466,0
S75,75,constant,467,0
S75,75,constant,468,0
S75,75,constant,469,0
S75,75,constant,470,0
S75,75,constant,471,0
S75,75,constant,472,0
S75,75,constant,473,0
S75,75,constant,474,0
S75,75,constant,475,0
S75,75,constant,476,0
S75,75,constant,477,0
S75,75,constant,478,0
S75,75,constant,479,0
S75,75,constant,480,0
S75,75,constant,481,0
S75,75,constant,482,0
S75,75,constant,483,0
S75,75,constant,484,0
S75,75,constant,485,0
S75,75,constant,486,0
S75,75,constant,487,0
S75,75,constant,488,0
S75,75,constant,489,1.0000000000291038
S75,75,constant,490,0
S75,75,constant,491,0
S75,75,constant,492,0
S75,75,constant,493,0
S75,75,constant,494,0
S75,75,constant,495,0
S75,75,constant,496,0
S75,75,constant,497,0
S75,75,constant,498,0
S75,75,constant,499,0
S75,75,constant,500,0
S75,75,constant,501,0
S75,75,constant,502,0
S75,75,constant,503,0
S75,75,constant,504,0
S75,75,constant,505,0
S75,75,constant,506,0
S75,75,constant,507,0
S75,75,constant,508,0
S75,75,constant,509,0
S75,75,constant,510,0
S75,75,constant,511,0
S75,75,constant,512,0
S75,75,constant,513,0
S75,75,constant,514,0
S75,75,constant,515,0
S75,75,constant,516,0.9999999999708962
S75,75,constant,517,0
S75,75,constant,518,0
S75,75,constant,519,0
S75,75,constant,520,0
S75,75,constant,521,0
S75,75,constant,522,0
S75,75,constant,523,0
S75,75,constant,524,0
S75,75,constant,525,0
S75,75,constant,526,0
S75,75,constant,527,0
S75,75,constant,528,0
S75,75,constant,529,0
S75,75,constant,530,0
S75,75,constant,531,0
S75,75,constant,532,0
S75,75,constant,533,0
S75,75,constant,534,0
S75,75,constant,535,0
S75,75,constant,536,0
S75,75,constant,537,0
S75,75,constant,538,0
S75,75,constant,539,0
S75,75,constant,540,0
S75,75,constant,541,0
S75,75,constant,542,0
S75,75,constant,543,1
S75,75,constant,544,0
S75,75,constant,545,0
S75,75,constant,546,0
S75,75,constant,547,0
S75,75,constant,548,0
S75,75,constant,549,0
S75,75,constant,550,0
S75,75,constant,551,0
S75,75,constant,552,0
S75,75,constant,553,0
S75,75,constant,554,0
S75,75,constant,555,0
S75,75,constant,556,0
S75,75,constant,557,0
S75,75,constant,558,0
S75,75,constant,559,0
S75,75,constant,560,0
S75,75,constant,561,0
S75,75,constant,562,0
S75,75,constant,563,0
S75,75,constant,564,0
S75,75,constant,565,0
S75,75,constant,566,0
S75,75,constant,567,0
S75,75,constant,568,0
S75,75,constant,569,0
S75,75,constant,570,1
S75,75,constant,571,0
S75,75,constant,572,0
S75,75,constant,573,0
S75,75,constant,574,0
S75,75,constant,575,0
S75,75,constant,576,0
S75,75,constant,577,0
S75,75,constant,578,0
S75,75,constant,579,0
S75,75,constant,580,0
S75,75,constant,581,0
S75,75,constant,582,0
S75,75,constant,583,0
S75,75,constant,584,0
S75,75,constant,585,0
S75,75,constant,586,0
S75,75,constant,587,0
S75,75,constant,588,0
S75,75,constant,589,0
S75,75,constant,590,0
S75,75,constant,591,0
S75,75,constant,592,0
S75,75,constant,593,0
S75,75,constant,594,0
S75,75,constant,595,0
S75,75,constant,596,0
S75,75,constant,597,1
S75,75,constant,598,0
S75,75,constant,599,0
S100,100,naive,0,0
S100,100,naive,1,0
S100,100,naive,2,0
S100,100,naive,3,0
S100,100,naive,4,0
S100,100,naive,5,0
S100,100,naive,6,0
S100,100,naive,7,1
S100,100,naive,8,0
S100,100,naive,9,0
S100,100,naive,10,0
S100,100,naive,11,0
S100,100,naive,12,0
S100,100,naive,13,0
S100,100,naive,14,0
S100,100,naive,15,0
S100,100,naive,16,0
S100,100,naive,17,0
S100,100,naive,18,0
S100,100,naive,19,0
S100,100,naive,20,0
S100,100,naive,21,0
S100,100,naive,22,0
S100,100,naive,23,0
S100,100,naive,24,0
S100,100,naive,25,1
S100,100,naive,26,0
S100,100,naive,27,0
S100,100,naive,28,0
S100,100,naive,29,0
S100,100,naive,30,0
S100,100,naive,31,0
S100,100,naive,32,0
S100,100,naive,33,0
S100,100,naive,34,0
S100,100,naive,35,0
S100,100,naive,36,0
S100,100,naive,37,0
S100,100,naive,38,0
S100,100,naive,39,0
S100,100,naive,40,0
S100,100,naive,41,0
S100,100,naive,42,0
S100,100,naive,43,0
S100,100,naive,44,1
S100,100,naive,45,0
S100,100,naive,46,0
S100,100,naive,47,0
S100,100,naive,48,0
S100,100,naive,49,0
S100,100,naive,50,0
S100,100,naive,51,0
S100,100,naive,52,0
S100,100,naive,53,0
S100,100,naive,54,0
S100,100,naive,55,0
S100,100,naive,56,0
S100,100,naive,57,0
S100,100,naive,58,0
S100,100,naive,59,0
S100,100,naive,60,0
S100,100,naive,61,0
S100,100,naive,62,0
S100,100,naive,63,1
S100,100,naive,64,0
S100,100,naive,65,0
S100,100,naive,66,0
S100,100,naive,67,0
S100,100,naive,68,0
S100,100,naive,69,0
S100,100,naive,70,0
S100,100,naive,71,0
S100,100,naive,72,0
S100,100,naive,73,0
S100,100,naive,74,0
S100,100,naive,75,0
S100,100,naive,76,0
S100,100,naive,77,0
S100,100,naive,78,0
S100,100,naive,79,0
S100,100,naive,80,0
S100,100,naive,81,1
S100,100,naive,82,0
S100,100,naive,83,0
S100,100,naive,84,0
S100,100,naive,85,0
S100,100,naive,86,0
S100,100,naive,87,0
S100,100,naive,88,0
S100,100,naive,89,0
S100,100,naive,90,0
S100,100,naive,91,0
S100,100,naive,92,0
S100,100,naive,93,0
S100,100,naive,94,0
S100,100,naive,95,0
S100,100,naive,96,0
S100,100,naive,97,0
S100,100,naive,98,0
S100,100,naive,99,1
S100,100,naive,100,0
S100,100,naive,101,0
S100,100,naive,102,0
S100,100,naive,103,0
S100,100,naive,104,0
S100,100,naive,105,0
S100,100,naive,106,0
S100,100,naive,107,0
S100,100,naive,108,0
S100,100,naive,109,0
S100,100,naive,110,0
S100,100,naive,111,0
S100,100,naive,112,0
S100,100,naive,113,0
S100,100,naive,114,0
S100,100,naive,115,0
S100,100,naive,116,0
S100,100,naive,117,1
S100,100,naive,118,0
S100,100,naive,119,0
S100,100,naive,120,0
S100,100,naive,121,0
S100,100,naive,122,0
S100,100,naive,123,0
S100,100,naive,124,0
S100,100,naive,125,0
S100,100,naive,126,0
S100,100,naive,127,0
S100,100,naive,128,0
S100,100,naive,129,0
S100,100,naive,130,0
S100,100,naive,131,0
S100,100,naive,132,0
S100,100,naive,133,0
S100,100,naive,134,0
S100,100,naive,135,1
S100,100,naive,136,0
S100,100,naive,137,0
S100,100,naive,138,0
S100,100,naive,139,0
S100,100,naive,140,0
S100,100,naive,141,0
S100,100,naive,142,0
S100,100,naive,143,0
S100,100,naive,144,0
S100,100,naive,145,0
S100,100,naive,146,0
S100,100,naive,147,0
S100,100,naive,148,0
S100,100,naive,149,0
S100,100,naive,150,0
S100,100,naive,151,0
S100,100,naive,152,0
S100,100,naive,153,1
S100,100,naive,154,0
S100,100,naive,155,0
S100,100,naive,156,0
S100,100,naive,157,0
S100,100,naive,158,0
S100,100,naive,159,0
S100,100,naive,160,0
S100,100,naive,161,0
S100,100,naive,162,0
S100,100,naive,163,0
S100,100,naive,164,0
S100,100,naive,165,0
S100,100,naive,166,0
S100,100,naive,167,0
S100,100,naive,168,0
S100,100,naive,169,0
S100,100,naive,170,0
S100,100,naive,171,0
S100,100,naive,172,1
S100,100,naive,173,0
S100,100,naive,174,0
S100,100,naive,175,0
S100,100,naive,176,0
S100,100,naive,177,0
S100,100,naive,178,0
S100,100,naive,179,0
S100,100,naive,180,0
S100,100,naive,181,0
S100,100,naive,182,0
S100,100,naive,183,0
S100,100,naive,184,0
S100,100,naive,185,0
S100,100,naive,186,0
S100,100,naive,187,0
S100,100,naive,188,0
S100,100,naive,189,0
S100,100,naive,190,0
S100,100,naive,191,1
S100,100,naive,192,0
S100,100,naive,193,0
S100,100,naive,194,0
S100,100,naive,195,0
S100,100,naive,196,0
S100,100,naive,197,0
S100,100,naive,198,0
S100,100,naive,199,0
S100,100,naive,200,0
S100,100,naive,201,0
S100,100,naive,202,0
S100,100,naive,203,0
S100,100,naive,204,0
S100,100,naive,205,0
S100,100,naive,206,0
S100,100,naive,207,0
S100,100,naive,208,0
S100,100,naive,209,1
S100,100,naive,210,0
S100,100,naive,211,0
S100,100,naive,212,0
S100,100,naive,213,0
S100,100,naive,214,0
S100,100,naive,215,0
S100,100,naive,216,0
S100,100,naive,217,0
S100,100,naive,218,0
S100,100,naive,219,0
S100,100,naive,220,0
S100,100,naive,221,0
S100,100,naive,222,0
S100,100,naive,223,0
S100,100,naive,224,0
S100,100,naive,225,0
S100,100,naive,226,0
S100,100,naive,227,0
S100,100,naive,228,1
S100,100,naive,229,0
S100,100,naive,230,0
S100,100,naive,231,0
S100,100,naive,232,0
S100,100,naive,233,0
S100,100,naive,234,0
S100,100,naive,235,0
S100,100,naive,236,0
S100,100,naive,237,0
S100,100,naive,238,0
S100,100,naive,239,0
S100,100,naive,240,0
S100,100,naive,241,0
S100,100,naive,242,0
S100,100,naive,243,0
S100,100,naive,244,0
S100,100,naive,245,0
S100,100,naive,246,1
S100,100,naive,247,0
S100,100,naive,248,0
S100,100,naive,249,0
S100,100,naive,250,0
S100,100,naive,251,0
S100,100,naive,252,0
S100,100,naive,253,0
S100,100,naive,254,0
S100,100,naive,255,0
S100,100,naive,256,0
S100,100,naive,257,0
S100,100,naive,258,0
S100,100,naive,259,0
S100,100,naive,260,0
S100,100,naive,261,0
S100,100,naive,262,0
S100,100,naive,263,0
S100,100,naive,264,1
S100,100,naive,265,0
S100,100,naive,266,0
S100,100,naive,267,0
S100,100,naive,268,0
S100,100,naive,269,0
S100,100,naive,270,0
S100,100,naive,271,0
S100,100,naive,272,0
S100,100,naive,273,0
S100,100,naive,274,0
S100,100,naive,275,0
S100,100,naive,276,0
S100,100,naive,277,0
S100,100,naive,278,0
S100,100,naive,279,0
S100,100,naive,280,0
S100,100,naive,281,0
S100,100,naive,282,0
S100,100,naive,283,1
S100,100,naive,284,0
S100,100,naive,285,0
S100,100,naive,286,0
S100,100,naive,287,0
S100,100,naive,288,0
S100,100,naive,289,0
S100,100,naive,290,0
S100,100,naive,291,0
S100,100,naive,292,0
S100,100,naive,293,0
S100,100,naive,294,0
S100,100,naive,295,0
S100,100,naive,296,0
S100,100,naive,297,0
S100,100,naive,298,0
S100,100,naive,299,0
S100,100,naive,300,0
S100,100,naive,301,1
S100,100,naive,302,0
S100,100,naive,303,0
S100,100,naive,304,0
S100,100,naive,305,0
S100,100,naive,306,0
S100,100,naive,307,0
S100,100,naive,308,0
S100,100,naive,309,0
S100,100,naive,310,0
S100,100,naive,311,0
S100,100,naive,312,0
S100,100,naive,313,0
S100,100,naive,314,0
S100,100,naive,315,0
S100,100,naive,316,0
S100,100,naive,317,0
S100,100,naive,318,0
S100,100,naive,319,1
S100,100,naive,320,0
S100,100,naive,321,0
S100,100,naive,322,0
S100,100,naive,323,0
S100,100,naive,324,0
S100,100,naive,325,0
S100,100,naive,326,0
S100,100,naive,327,0
S100,100,naive,328,0
S100,100,naive,329,0
S100,100,naive,330,0
S100,100,naive,331,0
S100,100,naive,332,0
S100,100,naive,333,0
S100,100,naive,334,0
S100,100,naive,335,0
S100,100,naive,336,0
S100,100,naive,337,0
S100,100,naive,338,1
S100,100,naive,339,0
S100,100,naive,340,0
S100,100,naive,341,0
S100,100,naive,342,0
S100,100,naive,343,0
S100,100,naive,344,0
S100,100,naive,345,0
S100,100,naive,346,0
S100,100,naive,347,0
S100,100,naive,348,0
S100,100,naive,349,0
S100,100,naive,350,0
S100,100,naive,351,0
S100,100,naive,352,0
S100,100,naive,353,0
S100,100,naive,354,0
S100,100,naive,355,0
S100,100,naive,356,1
S100,100,naive,357,0
S100,100,naive,358,0
S100,100,naive,359,0
S100,100,naive,360,0
S100,100,naive,361,0
S100,100,naive,362,0
S100,100,naive,363,0
S100,100,naive,364,0
S100,100,naive,365,0
S100,100,naive,366,0
S100,100,naive,367,0
S100,100,naive,368,0
S100,100,naive,369,0
S100,100,naive,370,0
S100,100,naive,371,0
S100,100,naive,372,0
S100,100,naive,373,0
S100,100,naive,374,1
S100,100,naive,375,0
S100,100,naive,376,0
S100,100,naive,377,0
S100,100,naive,378,0
S100,100,naive,379,0
S100,100,naive,380,0
S100,100,naive,381,0
S100,100,naive,382,0
S100,100,naive,383,0
S100,100,naive,384,0
S100,100,naive,385,0
S100,100,naive,386,0
S100,100,naive,387,0
S100,100,naive,388,0
S100,100,naive,389,0
S100,100,naive,390,0
S100,100,naive,391,0
S100,100,naive,392,1
S100,100,naive,393,0
S100,100,naive,394,0
S100,100,naive,395,0
S100,100,naive,396,0
S100,100,naive,397,0
S100,100,naive,398,0
S100,100,naive,399,0
S100,100,naive,400,0
S100,100,naive,401,0
S100,100,naive,402,0
S100,100,naive,403,0
S100,100,naive,404,0
S100,100,naive,405,0
S100,100,naive,406,0
S100,100,naive,407,0
S100,100,naive,408,0
S100,100,naive,409,0
S100,100,naive,410,1
S100,100,naive,411,0
S100,100,naive,412,0
S100,100,naive,413,0
S100,100,naive,414,0
S100,100,naive,415,0
S100,100,naive,416,0
S100,100,naive,417,0
S100,100,naive,418,0
S100,100,naive,419,0
S100,100,naive,420,0
S100,100,naive,421,0
S100,100,naive,422,0
S100,100,naive,423,0
S100,100,naive,424,0
S100,100,naive,425,0
S100,100,naive,426,0
S100,100,naive,427,0
S100,100,naive,428,0
S100,100,naive,429,1
S100,100,naive,430,0
S100,100,naive,431,0
S100,100,naive,432,0
S100,100,naive,433,0
S100,100,naive,434,0
S100,100,naive,435,0
S100,100,naive,436,0
S100,100,naive,437,0
S100,100,naive,438,0
S100,100,naive,439,0
S100,100,naive,440,0
S100,100,naive,441,0
S100,100,naive,442,0
S100,100,naive,443,0
S100,100,naive,444,0
S100,100,naive,445,0
S100,100,naive,446,0
S100,100,naive,447,1
S100,100,naive,448,0
S100,100,naive,449,0
S100,100,naive,450,0
S100,100,naive,451,0
S100,100,naive,452,0
S100,100,naive,453,0
S100,100,naive,454,0
S100,100,naive,455,0
S100,100,naive,456,0
S100,100,naive,457,0
S100,100,naive,458,0
S100,100,naive,459,0
S100,100,naive,460,0
S100,100,naive,461,0
S100,100,naive,462,0
S100,100,naive,463,0
S100,100,naive,464,0
S100,100,naive,465,0
S100,100,naive,466,1.0000000000291038
S100,100,naive,467,0
S100,100,naive,468,0
S100,100,naive,469,0
S100,100,naive,470,0
S100,100,naive,471,0
S100,100,naive,472,0
S100,100,naive,473,0
S100,100,naive,474,0
S100,100,naive,475,0
S100,100,naive,476,0
S100,100,naive,477,0
S100,100,naive,478,0
S100,100,naive,479,0
S100,100,naive,480,0
S100,100,naive,481,0
S100,100,naive,482,0
S100,100,naive,483,0
S100,100,naive,484,0.9999999999708962
S100,100,naive,485,0
S100,100,naive,486,0
S100,100,naive,487,0
S100,100,naive,488,0
S100,100,naive,489,0
S100,100,naive,490,0
S100,100,naive,491,0
S100,100,naive,492,0
S100,100,naive,493,0
S100,100,naive,494,0
S100,100,naive,495,0
S100,100,naive,496,0
S100,100,naive,497,0
S100,100,naive,498,0
S100,100,naive,499,0
S100,100,naive,500,0
S100,100,naive,501,0
S100,100,naive,502,1
S100,100,naive,503,0
S100,100,naive,504,0
S100,100,naive,505,0
S100,100,naive,506,0
S100,100,naive,507,0
S100,100,naive,508,0
S100,100,naive,509,0
S100,100,naive,510,0
S100,100,naive,511,0
S100,100,naive,512,0
S100,100,naive,513,0
S100,100,naive,514,0
S100,100,naive,515,0
S100,100,naive,516,0
S100,100,naive,517,0
S100,100,naive,518,0
S100,100,naive,519,0
S100,100,naive,520,0
S100,100,naive,521,1
S100,100,naive,522,0
S100,100,naive,523,0
S100,100,naive,524,0
S100,100,naive,525,0
S100,100,naive,526,0
S100,100,naive,527,0
S100,100,naive,528,0
S100,100,naive,529,0
S100,100,naive,530,0
S100,100,naive,531,0
S100,100,naive,532,0
S100,100,naive,533,0
S100,100,naive,534,0
S100,100,naive,535,0
S100,100,naive,536,0
S100,100,naive,537,0
S100,100,naive,538,0
S100,100,naive,539,1
S100,100,naive,540,0
S100,100,naive,541,0
S100,100,naive,542,0
S100,100,naive,543,0
S100,100,naive,544,0
S100,100,naive,545,0
S100,100,naive,546,0
S100,100,naive,547,0
S100,100,naive,548,0
S100,100,naive,549,0
S100,100,naive,550,0
S100,100,naive,551,0
S100,100,naive,552,0
S100,100,naive,553,0
S100,100,naive,554,0
S100,100,naive,555,0
S100,100,naive,556,0
S100,100,naive,557,1
S100,100,naive,558,0
S100,100,naive,559,0
S100,100,naive,560,0
S100,100,naive,561,0
S100,100,naive,562,0
S100,100,naive,563,0
S100,100,naive,564,0
S100,100,naive,565,0
S100,100,naive,566,0
S100,100,naive,567,0
S100,100,naive,568,0
S100,100,naive,569,0
S100,100,naive,570,0
S100,100,naive,571,0
S100,100,naive,572,0
S100,100,naive,573,0
S100,100,naive,574,0
S100,100,naive,575,1.0000000000291038
S100,100,naive,576,0
S100,100,naive,577,0
S100,100,naive,578,0
S100,100,naive,579,0
S100,100,naive,580,0
S100,100,naive,581,0
S100,100,naive,582,0
S100,100,naive,583,0
S100,100,naive,584,0
S100,100,naive,585,0
S100,100,naive,586,0
S100,100,naive,587,0
S100,100,naive,588,0
S100,100,naive,589,0
S100,100,naive,590,0
S100,100,naive,591,0
S100,100,naive,592,0
S100,100,naive,593,0
S100,100,naive,594,0.9999999999708962
S100,100,naive,595,0
S100,100,naive,596,0
S100,100,naive,597,0
S100,100,naive,598,0
S100,100,naive,599,0
S100,100,constant,0,0
S100,100,constant,1,0
S100,100,constant,2,0
S100,100,constant,3,0
S100,100,constant,4,0
S100,100,constant,5,0
S100,100,constant,6,0
S100,100,constant,7,0
S100,100,constant,8,0
S100,100,constant,9,0
S100,100,constant,10,0
S100,100,constant,11,0
S100,100,constant,12,0
S100,100,constant,13,0
S100,100,constant,14,0
S100,100,constant,15,0
S100,100,constant,16,0
S100,100,constant,17,0
S100,100,constant,18,0
S100,100,constant,19,0
S100,100,constant,20,0.9999999999708962
S100,100,constant,21,0
S100,100,constant,22,0
S100,100,constant,23,0
S100,100,constant,24,0
S100,100,constant,25,0
S100,100,constant,26,0
S100,100,constant,27,0
S100,100,constant,28,0
S100,100,constant,29,0
S100,100,constant,30,0
S100,100,constant,31,0
S100,100,constant,32,0
S100,100,constant,33,0
S100,100,constant,34,0
S100,100,constant,35,0
S100,100,constant,36,0
S100,100,constant,37,0
S100,100,constant,38,0
S100,100,constant,39,0
S100,100,constant,40,0
S100,100,constant,41,0
S100,100,constant,42,0
S100,100,constant,43,0
S100,100,constant,44,0
S100,100,constant,45,0
S100,100,constant,46,0
S100,100,constant,47,0
S100,100,constant,48,1
S100,100,constant,49,0
S100,100,constant,50,0
S100,100,constant,51,0
S100,100,constant,52,0
S100,100,constant,53,0
S100,100,constant,54,0
S100,100,constant,55,0
S100,100,constant,56,0
S100,100,constant,57,0
S100,100,constant,58,0
S100,100,constant,59,0
S100,100,constant,60,0
S100,100,constant,61,0
S100,100,constant,62,0
S100,100,constant,63,0
S100,100,constant,64,0
S100,100,constant,65,0
S100,100,constant,66,0
S100,100,constant,67,0
S100,100,constant,68,0
S100,100,constant,69,0
S100,100,constant,70,0
S100,100,constant,71,0
S100,100,constant,72,0
S100,100,constant,73,0
S100,100,constant,74,0
S100,100,constant,75,0
S100,100,constant,76,1
S100,100,constant,77,0
S100,100,constant,78,0
S100,100,constant,79,0
S100,100,constant,80,0
S100,100,constant,81,0
S100,100,constant,82,0
S100,100,constant,83,0
S100,100,constant,84,0
S100,100,constant,85,0
S100,100,constant,86,0
S100,100,constant,87,0
S100,100,constant,88,0
S100,100,constant,89,0
S100,100,constant,90,0
S100,100,constant,91,0
S100,100,constant,92,0
S100,100,constant,93,0
S100,100,constant,94,0
S100,100,constant,95,0
S100,100,constant,96,0
S100,100,constant,97,0
S100,100,constant,98,0
S100,100,constant,99,0
S100,100,constant,100,0
S100,100,constant,101,0
S100,100,constant,102,0
S100,100,constant,103,1
S100,100,constant,104,0
S100,100,constant,105,0
S100,100,constant,106,0
S100,100,constant,107,0
S100,100,constant,108,0
S100,100,constant,109,0
S100,100,constant,110,0
S100,100,constant,111,0
S100,100,constant,112,0
S100,100,constant,113,0
S100,100,constant,114,0
S100,100,constant,115,0
S100,100,constant,116,0
S100,100,constant,117,0
S100,100,constant,118,0
S100,100,constant,119,0
S100,100,constant,120,0
S100,100,constant,121,0
S100,100,constant,122,0
S100,100,constant,123,0
S100,100,constant,124,0
S100,100,constant,125,0
S100,100,constant,126,0
S100,100,constant,127,0
S100,100,constant,128,0
S100,100,constant,129,0
S100,100,constant,130,0
S100,100,constant,131,1
S100,100,constant,132,0
S100,100,constant,133,0
S100,100,constant,134,0
S100,100,constant,135,0
S100,100,constant,136,0
S100,100,constant,137,0
S100,100,constant,138,0
S100,100,constant,139,0
S100,100,constant,140,0
S100,100,constant,141,0
S100,100,constant,142,0
S100,100,constant,143,0
S100,100,constant,144,0
S100,100,constant,145,0
S100,100,constant,146,0
S100,100,constant,147,0
S100,100,constant,148,0
S100,100,constant,149,0
S100,100,constant,150,0
S100,100,constant,151,0
S100,100,constant,152,0
S100,100,constant,153,0
S100,100,constant,154,0
S100,100,constant,155,0
S100,100,constant,156,0
S100,100,constant,157,0
S100,100,constant,158,0
S100,100,constant,159,1.0000000000291038
S100,100,constant,160,0
S100,100,constant,161,0
S100,100,constant,162,0
S100,100,constant,163,0
S100,100,constant,164,0
S100,100,constant,165,0
S100,100,constant,166,0
S100,100,constant,167,0
S100,100,constant,168,0
S100,100,constant,169,0
S100,100,constant,170,0
S100,100,constant,171,0
S100,100,constant,172,0
S100,100,constant,173,0
S100,100,constant,174,0
S100,100,constant,175,0
S100,100,constant,176,0
S100,100,constant,177,0
S100,100,constant,178,0
S100,100,constant,179,0
S100,100,constant,180,0
S100,100,constant,181,0
S100,100,constant,182,0
S100,100,constant,183,0
S100,100,constant,184,0
S100,100,constant,185,0
S100,100,constant,186,0.9999999999708962
S100,100,constant,187,0
S100,100,constant,188,0
S100,100,constant,189,0
S100,100,constant,190,0
S100,100,constant,191,0
S100,100,constant,192,0
S100,100,constant,193,0
S100,100,constant,194,0
S100,100,constant,195,0
S100,100,constant,196,0
S100,100,constant,197,0
S100,100,constant,198,0
S100,100,constant,199,0
S100,100,constant,200,0
S100,100,constant,201,0
S100,100,constant,202,0
S100,100,constant,203,0
S100,100,constant,204,0
S100,100,constant,205,0
S100,100,constant,206,0
S100,100,constant,207,0
S100,100,constant,208,0
S100,100,constant,209,0
S100,100,constant,210,0
S100,100,constant,211,0
S100,100,constant,212,0
S100,100,constant,213,0
S100,100,constant,214,1
S100,100,constant,215,0
S100,100,constant,216,0
S100,100,constant,217,0
S100,100,constant,218,0
S100,100,constant,219,0
S100,100,constant,220,0
S100,100,constant,221,0
S100,100,constant,222,0
S100,100,constant,223,0
S100,100,constant,224,0
S100,100,constant,225,0
S100,100,constant,226,0
S100,100,constant,227,0
S100,100,constant,228,0
S100,100,constant,229,0
S100,100,constant,230,0
S100,100,constant,231,0
S100,100,constant,232,0
S100,100,constant,233,0
S100,100,constant,234,0
S100,100,constant,235,0
S100,100,constant,236,0
S100,100,constant,237,0
S100,100,constant,238,0
S100,100,constant,239,0
S100,100,constant,240,0
S100,100,constant,241,0
S100,100,constant,242,1
S100,100,constant,243,0
S100,100,constant,244,0
S100,100,constant,245,0
S100,100,constant,246,0
S100,100,constant,247,0
S100,100,constant,248,0
S100,100,constant,249,0
S100,100,constant,250,0
S100,100,constant,251,0
S100,100,constant,252,0
S100,100,constant,253,0
S100,100,constant,254,0
S100,100,constant,255,0
S100,100,constant,256,0
S100,100,constant,257,0
S100,100,constant,258,0
S100,100,constant,259,0
S100,100,constant,260,0
S100,100,constant,261,0
S100,100,constant,262,0
S100,100,constant,263,0
S100,100,constant,264,0
S100,100,constant,265,0
S100,100,constant,266,0
S100,100,constant,267,0
S100,100,constant,268,0
S100,100,constant,269,0
S100,100,constant,270,1
S100,100,constant,271,0
S100,100,constant,272,0
S100,100,constant,273,0
S100,100,constant,274,0
S100,100,constant,275,0
S100,100,constant,276,0
S100,100,constant,277,0
S100,100,constant,278,0
S100,100,constant,279,0
S100,100,constant,280,0
S100,100,constant,281,0
S100,100,constant,282,0
S100,100,constant,283,0
S100,100,constant,284,0
S100,100,constant,285,0
S100,100,constant,286,0
S100,100,constant,287,0
S100,100,constant,288,0
S100,100,constant,289,0
S100,100,constant,290,0
S100,100,constant,291,0
S100,100,constant,292,0
S100,100,constant,293,0
S100,100,constant,294,0
S100,100,constant,295,0
S100,100,constant,296,0
S100,100,constant,297,1
S100,100,constant,298,0
S100,100,constant,299,0
S100,100,constant,300,0
S100,100,constant,301,0
S100,100,constant,302,0
S100,100,constant,303,0
S100,100,constant,304,0
S100,100,constant,305,0
S100,100,constant,306,0
S100,100,constant,307,0
S100,100,constant,308,0
S100,100,constant,309,0
S100,100,constant,310,0
S100,100,constant,311,0
S100,100,constant,312,0
S100,100,constant,313,0
S100,100,constant,314,0
S100,100,constant,315,0
S100,100,constant,316,0
S100,100,constant,317,0
S100,100,constant,318,0
S100,100,constant,319,0
S100,100,constant,320,0
S100,100,constant,321,0
S100,100,constant,322,0
S100,100,constant,323,0
S100,100,constant,324,1.0000000000291038
S100,100,constant,325,0
S100,100,constant,326,0
S100,100,constant,327,0
S100,100,constant,328,0
S100,100,constant,329,0
S100,100,constant,330,0
S100,100,constant,331,0
S100,100,constant,332,0
S100,100,constant,333,0
S100,100,constant,334,0
S100,100,constant,335,0
S100,100,constant,336,0
S100,100,constant,337,0
S100,100,constant,338,0
S100,100,constant,339,0
S100,100,constant,340,0
S100,100,constant,341,0
S100,100,constant,342,0
S100,100,constant,343,0
S100,100,constant,344,0
S100,100,constant,345,0
S100,100,constant,346,0
S100,100,constant,347,0
S100,100,constant,348,0
S100,100,constant,349,0
S100,100,constant,350,0
S100,100,constant,351,0
S100,100,constant,352,0.9999999999708962
S100,100,constant,353,0
S100,100,constant,354,0
S100,100,constant,355,0
S100,100,constant,356,0
S100,100,constant,357,0
S100,100,constant,358,0
S100,100,constant,359,0
S100,100,constant,360,0
S100,100,constant,361,0
S100,100,constant,362,0
S100,100,constant,363,0
S100,100,constant,364,0
S100,100,constant,365,0
S100,100,constant,366,0
S100,100,constant,367,0
S100,100,constant,368,0
S100,100,constant,369,0
S100,100,constant,370,0
S100,100,constant,371,0
S100,100,constant,372,0
S100,100,constant,373,0
S100,100,constant,374,0
S100,100,constant,375,0
S100,100,constant,376,0
S100,100,constant,377,0
S100,100,constant,378,0
S100,100,constant,379,1
S100,100,constant,380,0
S100,100,constant,381,0
S100,100,constant,382,0
S100,100,constant,383,0
S100,100,constant,384,0
S100,100,constant,385,0
S100,100,constant,386,0
S100,100,constant,387,0
S100,100,constant,388,0
S100,100,constant,389,0
S100,100,constant,390,0
S100,100,constant,391,0
S100,100,constant,392,0
S100,100,constant,393,0
S100,100,constant,394,0
S100,100,constant,395,0
S100,100,constant,396,0
S100,100,constant,397,0
S100,100,constant,398,0
S100,100,constant,399,0
S100,100,constant,400,0
S100,100,constant,401,0
S100,100,constant,402,0
S100,100,constant,403,0
S100,100,constant,404,0
S100,100,constant,405,0
S100,100,constant,406,0
S100,100,constant,407,1
S100,100,constant,408,0
S100,100,constant,409,0
S100,100,constant,410,0
S100,100,constant,411,0
S100,100,constant,412,0
S100,100,constant,413,0
S100,100,constant,414,0
S100,100,constant,415,0
S100,100,constant,416,0
S100,100,constant,417,0
S100,100,constant,418,0
S100,100,constant,419,0
S100,100,constant,420,0
S100,100,constant,421,0
S100,100,constant,422,0
S100,100,constant,423,0
S100,100,constant,424,0
S100,100,constant,425,0
S100,100,constant,426,0
S100,100,constant,427,0
S100,100,constant,428,0
S100,100,constant,429,0
S100,100,constant,430,0
S100,100,constant,431,0
S100,100,constant,432,0
S100,100,constant,433,0
S100,100,constant,434,0
S100,100,constant,435,1
S100,100,constant,436,0
S100,100,constant,437,0
S100,100,constant,438,0
S100,100,constant,439,0
S100,100,constant,440,0
S100,100,constant,441,0
S100,100,constant,442,0
S100,100,constant,443,0
S100,100,constant,444,0
S100,100,constant,445,0
S100,100,constant,446,0
S100,100,constant,447,0
S100,100,constant,448,0
S100,100,constant,449,0
S100,100,constant,450,0
S100,100,constant,451,0
S100,100,constant,452,0
S100,100,constant,453,0
S100,100,constant,454,0
S100,100,constant,455,0
S100,100,constant,456,0
S100,100,constant,457,0
S100,100,constant,458,0
S100,100,constant,459,0
S100,100,constant,460,0
S100,100,constant,461,0
S100,100,constant,462,0
S100,100,constant,463,1
S100,100,constant,464,0
S100,100,constant,465,0
S100,100,constant,466,0
S100,100,constant,467,0
S100,100,constant,468,0
S100,100,constant,469,0
S100,100,constant,470,0
S100,100,constant,471,0
S100,100,constant,472,0
S100,100,constant,473,0
S100,100,constant,474,0
S100,100,constant,475,0
S100,100,constant,476,0
S100,100,constant,477,0
S100,100,constant,478,0
S100,100,constant,479,0
S100,100,constant,480,0
S100,100,constant,481,0
S100,100,constant,482,0
S100,100,constant,483,0
S100,100,constant,484,0
S100,100,constant,485,0
S100,100,constant,486,0
S100,100,constant,487,0
S100,100,constant,488,0
S100,100,constant,489,0
S100,100,constant,490,1.0000000000291038
S100,100,constant,491,0
S100,100,constant,492,0
S100,100,constant,493,0
S100,100,constant,494,0
S100,100,constant,495,0
S100,100,constant,496,0
S100,100,constant,497,0
S100,100,constant,498,0
S100,100,constant,499,0
S100,100,constant,500,0
S100,100,constant,501,0
S100,100,constant,502,0
S100,100,constant,503,0
S100,100,constant,504,0
S100,100,constant,505,0
S100,100,constant,506,0
S100,100,constant,507,0
S100,100,constant,508,0
S100,100,constant,509,0
S100,100,constant,510,0
S100,100,constant,511,0
S100,100,constant,512,0
S100,100,constant,513,0
S100,100,constant,514,0
S100,100,constant,515,0
S100,100,constant,516,0
S100,100,constant,517,0
S100,100,constant,518,0.9999999999708962
S100,100,constant,519,0
S100,100,constant,520,0
S100,100,constant,521,0
S100,100,constant,522,0
S100,100,constant,523,0
S100,100,constant,524,0
S100,100,constant,525,0
S100,100,constant,526,0
S100,100,constant,527,0
S100,100,constant,528,0
S100,100,constant,529,0
S100,100,constant,530,0
S100,100,constant,531,0
S100,100,constant,532,0
S100,100,constant,533,0
S100,100,constant,534,0
S100,100,constant,535,0
S100,100,constant,536,0
S100,100,constant,537,0
S100,100,constant,538,0
S100,100,constant,539,0
S100,100,constant,540,0
S100,100,constant,541,0
S100,100,constant,542,0
S100,100,constant,543,0
S100,100,constant,544,0
S100,100,constant,545,0
S100,100,constant,546,1
S100,100,constant,547,0
S100,100,constant,548,0
S100,100,constant,549,0
S100,100,constant,550,0
S100,100,constant,551,0
S100,100,constant,552,0
S100,100,constant,553,0
S100,100,constant,554,0
S100,100,constant,555,0
S100,100,constant,556,0
S100,100,constant,557,0
S100,100,constant,558,0
S100,100,constant,559,0
S100,100,constant,560,0
S100,100,constant,561,0
S100,100,constant,562,0
S100,100,constant,563,0
S100,100,constant,564,0
S100,100,constant,565,0
S100,100,constant,566,0
S100,100,constant,567,0
S100,100,constant,568,0
S100,100,constant,569,0
S100,100,constant,570,0
S100,100,constant,571,0
S100,100,constant,572,0
S100,100,constant,573,1
S100,100,constant,574,0
S100,100,constant,575,0
S100,100,constant,576,0
S100,100,constant,577,0
S100,100,constant,578,0
S100,100,constant,579,0
S100,100,constant,580,0
S100,100,constant,581,0
S100,100,constant,582,0
S100,100,constant,583,0
S100,100,constant,584,0
S100,100,constant,585,0
S100,100,constant,586,0
S100,100,constant,587,0
S100,100,constant,588,0
S100,100,constant,589,0
S100,100,constant,590,0
S100,100,constant,591,0
S100,100,constant,592,0
S100,100,constant,593,0
S100,100,constant,594,0
S100,100,constant,595,0
S100,100,constant,596,0
S100,100,constant,597,0
S100,100,constant,598,0
S100,100,constant,599,0